Start(sec),Duration(nsec),CorrId,GrdX,GrdY,GrdZ,BlkX,BlkY,BlkZ,Reg/Trd,StcSMem,DymSMem,Bytes,Thru(MB/s),SrcMemKd,DstMemKd,Device,Ctx,Strm,Name
12.085188,2432,132,,,,,,,,,,6912,2842.105,Pageable,Device,Tesla V100-SXM2-16GB (0),1,7,[CUDA memcpy HtoD]
12.085421,1729,144,,,,,,,,,,256,148.062,Pageable,Device,Tesla V100-SXM2-16GB (0),1,7,[CUDA memcpy HtoD]
12.085568,15488,156,,,,,,,,,,147456,9520.661,Pageable,Device,Tesla V100-SXM2-16GB (0),1,7,[CUDA memcpy HtoD]
12.085664,1696,168,,,,,,,,,,256,150.943,Pageable,Device,Tesla V100-SXM2-16GB (0),1,7,[CUDA memcpy HtoD]
12.085790,27071,180,,,,,,,,,,294912,10894.019,Pageable,Device,Tesla V100-SXM2-16GB (0),1,7,[CUDA memcpy HtoD]
12.085870,1760,192,,,,,,,,,,512,290.909,Pageable,Device,Tesla V100-SXM2-16GB (0),1,7,[CUDA memcpy HtoD]
12.086063,51968,204,,,,,,,,,,589824,11349.754,Pageable,Device,Tesla V100-SXM2-16GB (0),1,7,[CUDA memcpy HtoD]
12.086198,1728,216,,,,,,,,,,512,296.296,Pageable,Device,Tesla V100-SXM2-16GB (0),1,7,[CUDA memcpy HtoD]
12.086706,102496,232,,,,,,,,,,1179648,11509.210,Pageable,Device,Tesla V100-SXM2-16GB (0),1,7,[CUDA memcpy HtoD]
12.087019,1824,244,,,,,,,,,,1024,561.404,Pageable,Device,Tesla V100-SXM2-16GB (0),1,7,[CUDA memcpy HtoD]
12.087338,352702,256,,,,,,,,,,2359296,6689.205,Pageable,Device,Tesla V100-SXM2-16GB (0),1,7,[CUDA memcpy HtoD]
12.087971,1792,268,,,,,,,,,,1024,571.429,Pageable,Device,Tesla V100-SXM2-16GB (0),1,7,[CUDA memcpy HtoD]
12.088267,877755,280,,,,,,,,,,4718592,5375.751,Pageable,Device,Tesla V100-SXM2-16GB (0),1,7,[CUDA memcpy HtoD]
12.089311,1889,292,,,,,,,,,,2048,1084.172,Pageable,Device,Tesla V100-SXM2-16GB (0),1,7,[CUDA memcpy HtoD]
12.089623,2085363,304,,,,,,,,,,9437184,4525.439,Pageable,Device,Tesla V100-SXM2-16GB (0),1,7,[CUDA memcpy HtoD]
12.092056,2175,316,,,,,,,,,,2048,941.609,Pageable,Device,Tesla V100-SXM2-16GB (0),1,7,[CUDA memcpy HtoD]
12.092592,1967413,332,,,,,,,,,,9437184,4796.748,Pageable,Device,Tesla V100-SXM2-16GB (0),1,7,[CUDA memcpy HtoD]
12.094817,1920,344,,,,,,,,,,2048,1066.667,Pageable,Device,Tesla V100-SXM2-16GB (0),1,7,[CUDA memcpy HtoD]
12.095122,2019509,356,,,,,,,,,,9437184,4673.009,Pageable,Device,Tesla V100-SXM2-16GB (0),1,7,[CUDA memcpy HtoD]
12.097367,1920,368,,,,,,,,,,2048,1066.667,Pageable,Device,Tesla V100-SXM2-16GB (0),1,7,[CUDA memcpy HtoD]
12.098293,92398544,384,,,,,,,,,,411041792,4448.574,Pageable,Device,Tesla V100-SXM2-16GB (0),1,7,[CUDA memcpy HtoD]
12.191938,3456,396,,,,,,,,,,16384,4740.741,Pageable,Device,Tesla V100-SXM2-16GB (0),1,7,[CUDA memcpy HtoD]
12.192761,15250729,412,,,,,,,,,,67108864,4400.371,Pageable,Device,Tesla V100-SXM2-16GB (0),1,7,[CUDA memcpy HtoD]
12.208621,3744,424,,,,,,,,,,16384,4376.068,Pageable,Device,Tesla V100-SXM2-16GB (0),1,7,[CUDA memcpy HtoD]
12.209332,3599915,440,,,,,,,,,,16384000,4551.219,Pageable,Device,Tesla V100-SXM2-16GB (0),1,7,[CUDA memcpy HtoD]
12.213387,2144,452,,,,,,,,,,4000,1865.672,Pageable,Device,Tesla V100-SXM2-16GB (0),1,7,[CUDA memcpy HtoD]
14.562802,805979,511,,,,,,,,,,9633792,11952.907,Pinned,Device,Tesla V100-SXM2-16GB (0),1,7,[CUDA memcpy HtoD]
14.563613,4992,523,,,,,,,,,,128,25.641,Pinned,Device,Tesla V100-SXM2-16GB (0),1,7,[CUDA memcpy HtoD]
14.576975,1888,685,,,,,,,,,,15360,8135.593,Device,,Tesla V100-SXM2-16GB (0),1,21,[CUDA memset]
14.577011,1632,686,,,,,,,,,,15360,9411.765,Device,,Tesla V100-SXM2-16GB (0),1,22,[CUDA memset]
14.577043,1600,687,,,,,,,,,,15360,9600.000,Device,,Tesla V100-SXM2-16GB (0),1,23,[CUDA memset]
14.577076,1632,688,,,,,,,,,,15360,9411.765,Device,,Tesla V100-SXM2-16GB (0),1,24,[CUDA memset]
14.584324,1920,720,,,,,,,,,,112,58.333,Pageable,Device,Tesla V100-SXM2-16GB (0),1,7,[CUDA memcpy HtoD]
14.631715,8768,900,197,1,1,256,1,1,38,0,0,,,,,Tesla V100-SXM2-16GB (0),1,7,cask_cudnn::computeOffsetsKernel(cask_cudnn::ComputeOffsetsParams)
14.631745,371038,901,6272,1,1,128,1,1,128,16384,0,,,,,Tesla V100-SXM2-16GB (0),1,7,volta_scudnn_128x64_relu_small_nn_v1
14.632118,507422,905,200704,1,1,64,1,1,22,0,0,,,,,Tesla V100-SXM2-16GB (0),1,7,"void at::native::unrolled_elementwise_kernel<at::native::AddFunctor<float>, at::detail::Array<char*, 3>, OffsetCalculator<2, unsigned int>, OffsetCalculator<1, unsigned int>, at::native::memory::LoadWithoutCast, at::native::memory::StoreWithoutCast>(int, at::native::AddFunctor<float>, at::detail::Array<char*, 3>, OffsetCalculator<2, unsigned int>, OffsetCalculator<1, unsigned int>, at::native::memory::LoadWithoutCast, at::native::memory::StoreWithoutCast)"
14.632627,499133,911,200704,1,1,64,1,1,18,0,0,,,,,Tesla V100-SXM2-16GB (0),1,7,"void at::native::vectorized_elementwise_kernel<4, at::native::(anonymous namespace)::clamp_min_scalar_kernel_impl(at::TensorIterator&, c10::Scalar)::{lambda()#1}::operator()() const::{lambda()#8}::operator()() const::{lambda(float)#1}, at::detail::Array<char*, 2> >(int, at::native::(anonymous namespace)::clamp_min_scalar_kernel_impl(at::TensorIterator&, c10::Scalar)::{lambda()#1}::operator()() const::{lambda()#8}::operator()() const::{lambda(float)#1}, at::detail::Array<char*, 2>)"
14.633783,5280,928,2,16,1,32,4,1,40,8704,0,,,,,Tesla V100-SXM2-16GB (0),1,7,"void cudnn::winograd::generateWinogradTilesKernel<0, float, float>(cudnn::winograd::GenerateWinogradTilesParams<float, float>)"
14.633827,2671537,930,32,28,14,256,1,1,126,49152,0,,,,,Tesla V100-SXM2-16GB (0),1,7,volta_scudnn_winograd_128x128_ldg1_ldg4_relu_tile148t_nt_v1
14.636500,503742,934,200704,1,1,64,1,1,22,0,0,,,,,Tesla V100-SXM2-16GB (0),1,7,"void at::native::unrolled_elementwise_kernel<at::native::AddFunctor<float>, at::detail::Array<char*, 3>, OffsetCalculator<2, unsigned int>, OffsetCalculator<1, unsigned int>, at::native::memory::LoadWithoutCast, at::native::memory::StoreWithoutCast>(int, at::native::AddFunctor<float>, at::detail::Array<char*, 3>, OffsetCalculator<2, unsigned int>, OffsetCalculator<1, unsigned int>, at::native::memory::LoadWithoutCast, at::native::memory::StoreWithoutCast)"
14.637005,498558,940,200704,1,1,64,1,1,18,0,0,,,,,Tesla V100-SXM2-16GB (0),1,7,"void at::native::vectorized_elementwise_kernel<4, at::native::(anonymous namespace)::clamp_min_scalar_kernel_impl(at::TensorIterator&, c10::Scalar)::{lambda()#1}::operator()() const::{lambda()#8}::operator()() const::{lambda(float)#1}, at::detail::Array<char*, 2> >(int, at::native::(anonymous namespace)::clamp_min_scalar_kernel_impl(at::TensorIterator&, c10::Scalar)::{lambda()#1}::operator()() const::{lambda()#8}::operator()() const::{lambda(float)#1}, at::detail::Array<char*, 2>)"
14.637505,440253,957,50176,1,1,256,1,1,26,0,0,,,,,Tesla V100-SXM2-16GB (0),1,7,"void at::native::(anonymous namespace)::max_pool_forward_nchw<float, float>(int, float const*, int, int, int, int, int, int, int, int, int, int, int, int, int, int, float*, long*)"
14.640058,244575,977,49,64,1,256,1,1,64,22656,0,,,,,Tesla V100-SXM2-16GB (0),1,7,"void cudnn::winograd_nonfused::winogradForwardData4x4<float, float>(cudnn::winograd_nonfused::WinogradDataParams<float, float>)"
14.640304,5920,978,2,16,1,32,8,1,32,9216,0,,,,,Tesla V100-SXM2-16GB (0),1,7,"void cudnn::winograd_nonfused::winogradForwardFilter4x4<float, float>(cudnn::winograd_nonfused::WinogradFilterParams<float, float>)"
14.640311,714557,986,392,1,36,256,1,1,57,16384,0,,,,,Tesla V100-SXM2-16GB (0),1,7,volta_sgemm_32x128_nn
14.641027,403933,988,49,128,1,256,1,1,64,16640,0,,,,,Tesla V100-SXM2-16GB (0),1,7,"void cudnn::winograd_nonfused::winogradForwardOutput4x4<float, float>(cudnn::winograd_nonfused::WinogradOutputParams<float, float>)"
14.641432,253055,993,100352,1,1,64,1,1,22,0,0,,,,,Tesla V100-SXM2-16GB (0),1,7,"void at::native::unrolled_elementwise_kernel<at::native::AddFunctor<float>, at::detail::Array<char*, 3>, OffsetCalculator<2, unsigned int>, OffsetCalculator<1, unsigned int>, at::native::memory::LoadWithoutCast, at::native::memory::StoreWithoutCast>(int, at::native::AddFunctor<float>, at::detail::Array<char*, 3>, OffsetCalculator<2, unsigned int>, OffsetCalculator<1, unsigned int>, at::native::memory::LoadWithoutCast, at::native::memory::StoreWithoutCast)"
14.641686,251423,999,100352,1,1,64,1,1,18,0,0,,,,,Tesla V100-SXM2-16GB (0),1,7,"void at::native::vectorized_elementwise_kernel<4, at::native::(anonymous namespace)::clamp_min_scalar_kernel_impl(at::TensorIterator&, c10::Scalar)::{lambda()#1}::operator()() const::{lambda()#8}::operator()() const::{lambda(float)#1}, at::detail::Array<char*, 2> >(int, at::native::(anonymous namespace)::clamp_min_scalar_kernel_impl(at::TensorIterator&, c10::Scalar)::{lambda()#1}::operator()() const::{lambda()#8}::operator()() const::{lambda(float)#1}, at::detail::Array<char*, 2>)"
14.641939,476574,1016,49,128,1,256,1,1,64,22656,0,,,,,Tesla V100-SXM2-16GB (0),1,7,"void cudnn::winograd_nonfused::winogradForwardData4x4<float, float>(cudnn::winograd_nonfused::WinogradDataParams<float, float>)"
14.642416,5376,1017,4,16,1,32,8,1,32,9216,0,,,,,Tesla V100-SXM2-16GB (0),1,7,"void cudnn::winograd_nonfused::winogradForwardFilter4x4<float, float>(cudnn::winograd_nonfused::WinogradFilterParams<float, float>)"
14.642423,1298840,1025,392,1,36,256,1,1,57,16384,0,,,,,Tesla V100-SXM2-16GB (0),1,7,volta_sgemm_32x128_nn
14.643723,402846,1027,49,128,1,256,1,1,64,16640,0,,,,,Tesla V100-SXM2-16GB (0),1,7,"void cudnn::winograd_nonfused::winogradForwardOutput4x4<float, float>(cudnn::winograd_nonfused::WinogradOutputParams<float, float>)"
14.644126,252830,1032,100352,1,1,64,1,1,22,0,0,,,,,Tesla V100-SXM2-16GB (0),1,7,"void at::native::unrolled_elementwise_kernel<at::native::AddFunctor<float>, at::detail::Array<char*, 3>, OffsetCalculator<2, unsigned int>, OffsetCalculator<1, unsigned int>, at::native::memory::LoadWithoutCast, at::native::memory::StoreWithoutCast>(int, at::native::AddFunctor<float>, at::detail::Array<char*, 3>, OffsetCalculator<2, unsigned int>, OffsetCalculator<1, unsigned int>, at::native::memory::LoadWithoutCast, at::native::memory::StoreWithoutCast)"
14.644380,249886,1038,100352,1,1,64,1,1,18,0,0,,,,,Tesla V100-SXM2-16GB (0),1,7,"void at::native::vectorized_elementwise_kernel<4, at::native::(anonymous namespace)::clamp_min_scalar_kernel_impl(at::TensorIterator&, c10::Scalar)::{lambda()#1}::operator()() const::{lambda()#8}::operator()() const::{lambda(float)#1}, at::detail::Array<char*, 2> >(int, at::native::(anonymous namespace)::clamp_min_scalar_kernel_impl(at::TensorIterator&, c10::Scalar)::{lambda()#1}::operator()() const::{lambda()#8}::operator()() const::{lambda(float)#1}, at::detail::Array<char*, 2>)"
14.644632,220543,1047,25088,1,1,256,1,1,26,0,0,,,,,Tesla V100-SXM2-16GB (0),1,7,"void at::native::(anonymous namespace)::max_pool_forward_nchw<float, float>(int, float const*, int, int, int, int, int, int, int, int, int, int, int, int, int, int, float*, long*)"
14.644853,131071,1059,16,128,1,256,1,1,64,22656,0,,,,,Tesla V100-SXM2-16GB (0),1,7,"void cudnn::winograd_nonfused::winogradForwardData4x4<float, float>(cudnn::winograd_nonfused::WinogradDataParams<float, float>)"
14.644985,8352,1060,4,32,1,32,8,1,32,9216,0,,,,,Tesla V100-SXM2-16GB (0),1,7,"void cudnn::winograd_nonfused::winogradForwardFilter4x4<float, float>(cudnn::winograd_nonfused::WinogradFilterParams<float, float>)"
14.644995,626940,1068,49,4,36,64,1,1,126,8448,0,,,,,Tesla V100-SXM2-16GB (0),1,7,volta_sgemm_64x64_nn
14.645623,215615,1070,16,256,1,256,1,1,64,16640,0,,,,,Tesla V100-SXM2-16GB (0),1,7,"void cudnn::winograd_nonfused::winogradForwardOutput4x4<float, float>(cudnn::winograd_nonfused::WinogradOutputParams<float, float>)"
14.645841,127839,1075,50176,1,1,64,1,1,22,0,0,,,,,Tesla V100-SXM2-16GB (0),1,7,"void at::native::unrolled_elementwise_kernel<at::native::AddFunctor<float>, at::detail::Array<char*, 3>, OffsetCalculator<2, unsigned int>, OffsetCalculator<1, unsigned int>, at::native::memory::LoadWithoutCast, at::native::memory::StoreWithoutCast>(int, at::native::AddFunctor<float>, at::detail::Array<char*, 3>, OffsetCalculator<2, unsigned int>, OffsetCalculator<1, unsigned int>, at::native::memory::LoadWithoutCast, at::native::memory::StoreWithoutCast)"
14.645969,125919,1081,50176,1,1,64,1,1,18,0,0,,,,,Tesla V100-SXM2-16GB (0),1,7,"void at::native::vectorized_elementwise_kernel<4, at::native::(anonymous namespace)::clamp_min_scalar_kernel_impl(at::TensorIterator&, c10::Scalar)::{lambda()#1}::operator()() const::{lambda()#8}::operator()() const::{lambda(float)#1}, at::detail::Array<char*, 2> >(int, at::native::(anonymous namespace)::clamp_min_scalar_kernel_impl(at::TensorIterator&, c10::Scalar)::{lambda()#1}::operator()() const::{lambda()#8}::operator()() const::{lambda(float)#1}, at::detail::Array<char*, 2>)"
14.646096,247454,1094,16,256,1,256,1,1,64,22656,0,,,,,Tesla V100-SXM2-16GB (0),1,7,"void cudnn::winograd_nonfused::winogradForwardData4x4<float, float>(cudnn::winograd_nonfused::WinogradDataParams<float, float>)"
14.646345,15136,1095,8,32,1,32,8,1,32,9216,0,,,,,Tesla V100-SXM2-16GB (0),1,7,"void cudnn::winograd_nonfused::winogradForwardFilter4x4<float, float>(cudnn::winograd_nonfused::WinogradFilterParams<float, float>)"
14.646361,1186713,1103,49,4,36,64,1,1,126,8448,0,,,,,Tesla V100-SXM2-16GB (0),1,7,volta_sgemm_64x64_nn
14.647548,210687,1105,16,256,1,256,1,1,64,16640,0,,,,,Tesla V100-SXM2-16GB (0),1,7,"void cudnn::winograd_nonfused::winogradForwardOutput4x4<float, float>(cudnn::winograd_nonfused::WinogradOutputParams<float, float>)"
14.647760,127775,1110,50176,1,1,64,1,1,22,0,0,,,,,Tesla V100-SXM2-16GB (0),1,7,"void at::native::unrolled_elementwise_kernel<at::native::AddFunctor<float>, at::detail::Array<char*, 3>, OffsetCalculator<2, unsigned int>, OffsetCalculator<1, unsigned int>, at::native::memory::LoadWithoutCast, at::native::memory::StoreWithoutCast>(int, at::native::AddFunctor<float>, at::detail::Array<char*, 3>, OffsetCalculator<2, unsigned int>, OffsetCalculator<1, unsigned int>, at::native::memory::LoadWithoutCast, at::native::memory::StoreWithoutCast)"
14.647889,126174,1116,50176,1,1,64,1,1,18,0,0,,,,,Tesla V100-SXM2-16GB (0),1,7,"void at::native::vectorized_elementwise_kernel<4, at::native::(anonymous namespace)::clamp_min_scalar_kernel_impl(at::TensorIterator&, c10::Scalar)::{lambda()#1}::operator()() const::{lambda()#8}::operator()() const::{lambda(float)#1}, at::detail::Array<char*, 2> >(int, at::native::(anonymous namespace)::clamp_min_scalar_kernel_impl(at::TensorIterator&, c10::Scalar)::{lambda()#1}::operator()() const::{lambda()#8}::operator()() const::{lambda(float)#1}, at::detail::Array<char*, 2>)"
14.648016,112160,1125,12544,1,1,256,1,1,26,0,0,,,,,Tesla V100-SXM2-16GB (0),1,7,"void at::native::(anonymous namespace)::max_pool_forward_nchw<float, float>(int, float const*, int, int, int, int, int, int, int, int, int, int, int, int, int, int, float*, long*)"
14.648129,60256,1137,4,256,1,256,1,1,64,22656,0,,,,,Tesla V100-SXM2-16GB (0),1,7,"void cudnn::winograd_nonfused::winogradForwardData4x4<float, float>(cudnn::winograd_nonfused::WinogradDataParams<float, float>)"
14.648190,32352,1138,8,64,1,32,8,1,32,9216,0,,,,,Tesla V100-SXM2-16GB (0),1,7,"void cudnn::winograd_nonfused::winogradForwardFilter4x4<float, float>(cudnn::winograd_nonfused::WinogradFilterParams<float, float>)"
14.648223,642844,1146,25,4,36,256,1,1,57,16384,0,,,,,Tesla V100-SXM2-16GB (0),1,7,volta_sgemm_32x128_nn
14.648867,144607,1148,4,512,1,256,1,1,64,16640,0,,,,,Tesla V100-SXM2-16GB (0),1,7,"void cudnn::winograd_nonfused::winogradForwardOutput4x4<float, float>(cudnn::winograd_nonfused::WinogradOutputParams<float, float>)"
14.649012,66496,1153,25088,1,1,64,1,1,22,0,0,,,,,Tesla V100-SXM2-16GB (0),1,7,"void at::native::unrolled_elementwise_kernel<at::native::AddFunctor<float>, at::detail::Array<char*, 3>, OffsetCalculator<2, unsigned int>, OffsetCalculator<1, unsigned int>, at::native::memory::LoadWithoutCast, at::native::memory::StoreWithoutCast>(int, at::native::AddFunctor<float>, at::detail::Array<char*, 3>, OffsetCalculator<2, unsigned int>, OffsetCalculator<1, unsigned int>, at::native::memory::LoadWithoutCast, at::native::memory::StoreWithoutCast)"
14.649080,64128,1159,25088,1,1,64,1,1,18,0,0,,,,,Tesla V100-SXM2-16GB (0),1,7,"void at::native::vectorized_elementwise_kernel<4, at::native::(anonymous namespace)::clamp_min_scalar_kernel_impl(at::TensorIterator&, c10::Scalar)::{lambda()#1}::operator()() const::{lambda()#8}::operator()() const::{lambda(float)#1}, at::detail::Array<char*, 2> >(int, at::native::(anonymous namespace)::clamp_min_scalar_kernel_impl(at::TensorIterator&, c10::Scalar)::{lambda()#1}::operator()() const::{lambda()#8}::operator()() const::{lambda(float)#1}, at::detail::Array<char*, 2>)"
14.649145,132576,1172,4,512,1,256,1,1,64,22656,0,,,,,Tesla V100-SXM2-16GB (0),1,7,"void cudnn::winograd_nonfused::winogradForwardData4x4<float, float>(cudnn::winograd_nonfused::WinogradDataParams<float, float>)"
14.649278,65920,1173,16,64,1,32,8,1,32,9216,0,,,,,Tesla V100-SXM2-16GB (0),1,7,"void cudnn::winograd_nonfused::winogradForwardFilter4x4<float, float>(cudnn::winograd_nonfused::WinogradFilterParams<float, float>)"
14.649345,1248601,1181,25,4,36,256,1,1,57,16384,0,,,,,Tesla V100-SXM2-16GB (0),1,7,volta_sgemm_32x128_nn
14.650595,133823,1183,4,512,1,256,1,1,64,16640,0,,,,,Tesla V100-SXM2-16GB (0),1,7,"void cudnn::winograd_nonfused::winogradForwardOutput4x4<float, float>(cudnn::winograd_nonfused::WinogradOutputParams<float, float>)"
14.650729,66719,1188,25088,1,1,64,1,1,22,0,0,,,,,Tesla V100-SXM2-16GB (0),1,7,"void at::native::unrolled_elementwise_kernel<at::native::AddFunctor<float>, at::detail::Array<char*, 3>, OffsetCalculator<2, unsigned int>, OffsetCalculator<1, unsigned int>, at::native::memory::LoadWithoutCast, at::native::memory::StoreWithoutCast>(int, at::native::AddFunctor<float>, at::detail::Array<char*, 3>, OffsetCalculator<2, unsigned int>, OffsetCalculator<1, unsigned int>, at::native::memory::LoadWithoutCast, at::native::memory::StoreWithoutCast)"
14.650797,64159,1194,25088,1,1,64,1,1,18,0,0,,,,,Tesla V100-SXM2-16GB (0),1,7,"void at::native::vectorized_elementwise_kernel<4, at::native::(anonymous namespace)::clamp_min_scalar_kernel_impl(at::TensorIterator&, c10::Scalar)::{lambda()#1}::operator()() const::{lambda()#8}::operator()() const::{lambda(float)#1}, at::detail::Array<char*, 2> >(int, at::native::(anonymous namespace)::clamp_min_scalar_kernel_impl(at::TensorIterator&, c10::Scalar)::{lambda()#1}::operator()() const::{lambda()#8}::operator()() const::{lambda(float)#1}, at::detail::Array<char*, 2>)"
14.650862,59392,1203,6272,1,1,256,1,1,26,0,0,,,,,Tesla V100-SXM2-16GB (0),1,7,"void at::native::(anonymous namespace)::max_pool_forward_nchw<float, float>(int, float const*, int, int, int, int, int, int, int, int, int, int, int, int, int, int, float*, long*)"
14.650927,35744,1215,1,512,1,256,1,1,64,22656,0,,,,,Tesla V100-SXM2-16GB (0),1,7,"void cudnn::winograd_nonfused::winogradForwardData4x4<float, float>(cudnn::winograd_nonfused::WinogradDataParams<float, float>)"
14.650964,66591,1216,16,64,1,32,8,1,32,9216,0,,,,,Tesla V100-SXM2-16GB (0),1,7,"void cudnn::winograd_nonfused::winogradForwardFilter4x4<float, float>(cudnn::winograd_nonfused::WinogradFilterParams<float, float>)"
14.651031,430078,1224,4,8,36,64,1,1,126,8448,0,,,,,Tesla V100-SXM2-16GB (0),1,7,volta_sgemm_64x64_nn
14.651462,35968,1226,1,512,1,256,1,1,64,16640,0,,,,,Tesla V100-SXM2-16GB (0),1,7,"void cudnn::winograd_nonfused::winogradForwardOutput4x4<float, float>(cudnn::winograd_nonfused::WinogradOutputParams<float, float>)"
14.651499,16192,1231,6272,1,1,64,1,1,22,0,0,,,,,Tesla V100-SXM2-16GB (0),1,7,"void at::native::unrolled_elementwise_kernel<at::native::AddFunctor<float>, at::detail::Array<char*, 3>, OffsetCalculator<2, unsigned int>, OffsetCalculator<1, unsigned int>, at::native::memory::LoadWithoutCast, at::native::memory::StoreWithoutCast>(int, at::native::AddFunctor<float>, at::detail::Array<char*, 3>, OffsetCalculator<2, unsigned int>, OffsetCalculator<1, unsigned int>, at::native::memory::LoadWithoutCast, at::native::memory::StoreWithoutCast)"
14.651516,12192,1237,6272,1,1,64,1,1,18,0,0,,,,,Tesla V100-SXM2-16GB (0),1,7,"void at::native::vectorized_elementwise_kernel<4, at::native::(anonymous namespace)::clamp_min_scalar_kernel_impl(at::TensorIterator&, c10::Scalar)::{lambda()#1}::operator()() const::{lambda()#8}::operator()() const::{lambda(float)#1}, at::detail::Array<char*, 2> >(int, at::native::(anonymous namespace)::clamp_min_scalar_kernel_impl(at::TensorIterator&, c10::Scalar)::{lambda()#1}::operator()() const::{lambda()#8}::operator()() const::{lambda(float)#1}, at::detail::Array<char*, 2>)"
14.651529,33984,1250,1,512,1,256,1,1,64,22656,0,,,,,Tesla V100-SXM2-16GB (0),1,7,"void cudnn::winograd_nonfused::winogradForwardData4x4<float, float>(cudnn::winograd_nonfused::WinogradDataParams<float, float>)"
14.651564,65440,1251,16,64,1,32,8,1,32,9216,0,,,,,Tesla V100-SXM2-16GB (0),1,7,"void cudnn::winograd_nonfused::winogradForwardFilter4x4<float, float>(cudnn::winograd_nonfused::WinogradFilterParams<float, float>)"
14.651631,429309,1259,4,8,36,64,1,1,126,8448,0,,,,,Tesla V100-SXM2-16GB (0),1,7,volta_sgemm_64x64_nn
14.652061,34880,1261,1,512,1,256,1,1,64,16640,0,,,,,Tesla V100-SXM2-16GB (0),1,7,"void cudnn::winograd_nonfused::winogradForwardOutput4x4<float, float>(cudnn::winograd_nonfused::WinogradOutputParams<float, float>)"
14.652097,15840,1266,6272,1,1,64,1,1,22,0,0,,,,,Tesla V100-SXM2-16GB (0),1,7,"void at::native::unrolled_elementwise_kernel<at::native::AddFunctor<float>, at::detail::Array<char*, 3>, OffsetCalculator<2, unsigned int>, OffsetCalculator<1, unsigned int>, at::native::memory::LoadWithoutCast, at::native::memory::StoreWithoutCast>(int, at::native::AddFunctor<float>, at::detail::Array<char*, 3>, OffsetCalculator<2, unsigned int>, OffsetCalculator<1, unsigned int>, at::native::memory::LoadWithoutCast, at::native::memory::StoreWithoutCast)"
14.652114,12320,1272,6272,1,1,64,1,1,18,0,0,,,,,Tesla V100-SXM2-16GB (0),1,7,"void at::native::vectorized_elementwise_kernel<4, at::native::(anonymous namespace)::clamp_min_scalar_kernel_impl(at::TensorIterator&, c10::Scalar)::{lambda()#1}::operator()() const::{lambda()#8}::operator()() const::{lambda(float)#1}, at::detail::Array<char*, 2> >(int, at::native::(anonymous namespace)::clamp_min_scalar_kernel_impl(at::TensorIterator&, c10::Scalar)::{lambda()#1}::operator()() const::{lambda()#8}::operator()() const::{lambda(float)#1}, at::detail::Array<char*, 2>)"
14.652127,14784,1281,1568,1,1,256,1,1,26,0,0,,,,,Tesla V100-SXM2-16GB (0),1,7,"void at::native::(anonymous namespace)::max_pool_forward_nchw<float, float>(int, float const*, int, int, int, int, int, int, int, int, int, int, int, int, int, int, float*, long*)"
14.652143,60384,1293,8192,1,1,32,8,1,40,0,0,,,,,Tesla V100-SXM2-16GB (0),1,7,"void at::native::(anonymous namespace)::adaptive_average_pool<float>(float*, float*, int, int, int, int, long, long, long)"
14.652205,6624,1300,256,1,1,64,1,1,22,0,0,,,,,Tesla V100-SXM2-16GB (0),1,7,"void at::native::unrolled_elementwise_kernel<at::native::copy_device_to_device(at::TensorIterator&, bool)::{lambda()#2}::operator()() const::{lambda()#8}::operator()() const::{lambda(float)#1}, at::detail::Array<char*, 2>, OffsetCalculator<1, unsigned int>, char*, at::native::memory::LoadWithoutCast, at::detail::Array<char*, 2>::StoreWithoutCast>(int, at::native::copy_device_to_device(at::TensorIterator&, bool)::{lambda()#2}::operator()() const::{lambda()#8}::operator()() const::{lambda(float)#1}, at::detail::Array<char*, 2>, OffsetCalculator<1, unsigned int>, char*, at::native::memory::LoadWithoutCast, at::detail::Array<char*, 2>::StoreWithoutCast)"
14.652231,2081,1321,,,,,,,,,,112,53.820,Pageable,Device,Tesla V100-SXM2-16GB (0),1,7,[CUDA memcpy HtoD]
14.654022,744700,1468,64,1,15,256,1,1,82,26624,0,,,,,Tesla V100-SXM2-16GB (0),1,7,volta_sgemm_64x32_sliced1x4_tn
14.654768,8608,1470,512,1,1,128,1,1,32,0,0,,,,,Tesla V100-SXM2-16GB (0),1,7,"void splitKreduce_kernel<float, float, float, float>(cublasSplitKParams<float>, float const*, float const*, float*, float const*, float const*, float const*)"
14.654777,1952,1477,256,1,1,64,1,1,18,0,0,,,,,Tesla V100-SXM2-16GB (0),1,7,"void at::native::vectorized_elementwise_kernel<4, at::native::(anonymous namespace)::clamp_min_scalar_kernel_impl(at::TensorIterator&, c10::Scalar)::{lambda()#1}::operator()() const::{lambda()#8}::operator()() const::{lambda(float)#1}, at::detail::Array<char*, 2> >(int, at::native::(anonymous namespace)::clamp_min_scalar_kernel_impl(at::TensorIterator&, c10::Scalar)::{lambda()#1}::operator()() const::{lambda()#8}::operator()() const::{lambda(float)#1}, at::detail::Array<char*, 2>)"
14.654781,3936,1504,256,1,1,256,1,1,48,0,0,,,,,Tesla V100-SXM2-16GB (0),1,7,"void at::native::(anonymous namespace)::fused_dropout_kernel_vec<float, float, unsigned int, 1, 4>(at::cuda::detail::TensorInfo<float, unsigned int>, at::cuda::detail::TensorInfo<float, unsigned int>, at::cuda::detail::TensorInfo<unsigned char, unsigned int>, unsigned int, float, at::PhiloxCudaState)"
14.654786,3232,1511,256,1,1,64,1,1,22,0,0,,,,,Tesla V100-SXM2-16GB (0),1,7,"void at::native::unrolled_elementwise_kernel<at::native::copy_device_to_device(at::TensorIterator&, bool)::{lambda()#2}::operator()() const::{lambda()#8}::operator()() const::{lambda(float)#1}, at::detail::Array<char*, 2>, OffsetCalculator<1, unsigned int>, char*, at::native::memory::LoadWithoutCast, at::detail::Array<char*, 2>::StoreWithoutCast>(int, at::native::copy_device_to_device(at::TensorIterator&, bool)::{lambda()#2}::operator()() const::{lambda()#8}::operator()() const::{lambda(float)#1}, at::detail::Array<char*, 2>, OffsetCalculator<1, unsigned int>, char*, at::native::memory::LoadWithoutCast, at::detail::Array<char*, 2>::StoreWithoutCast)"
14.654790,124831,1520,64,1,6,256,1,1,82,26624,0,,,,,Tesla V100-SXM2-16GB (0),1,7,volta_sgemm_64x32_sliced1x4_tn
14.654916,4992,1522,512,1,1,128,1,1,32,0,0,,,,,Tesla V100-SXM2-16GB (0),1,7,"void splitKreduce_kernel<float, float, float, float>(cublasSplitKParams<float>, float const*, float const*, float*, float const*, float const*, float const*)"
14.654922,1920,1529,256,1,1,64,1,1,18,0,0,,,,,Tesla V100-SXM2-16GB (0),1,7,"void at::native::vectorized_elementwise_kernel<4, at::native::(anonymous namespace)::clamp_min_scalar_kernel_impl(at::TensorIterator&, c10::Scalar)::{lambda()#1}::operator()() const::{lambda()#8}::operator()() const::{lambda(float)#1}, at::detail::Array<char*, 2> >(int, at::native::(anonymous namespace)::clamp_min_scalar_kernel_impl(at::TensorIterator&, c10::Scalar)::{lambda()#1}::operator()() const::{lambda()#8}::operator()() const::{lambda(float)#1}, at::detail::Array<char*, 2>)"
14.655256,3072,1560,256,1,1,256,1,1,48,0,0,,,,,Tesla V100-SXM2-16GB (0),1,7,"void at::native::(anonymous namespace)::fused_dropout_kernel_vec<float, float, unsigned int, 1, 4>(at::cuda::detail::TensorInfo<float, unsigned int>, at::cuda::detail::TensorInfo<float, unsigned int>, at::cuda::detail::TensorInfo<unsigned char, unsigned int>, unsigned int, float, at::PhiloxCudaState)"
14.655351,2752,1567,63,1,1,64,1,1,22,0,0,,,,,Tesla V100-SXM2-16GB (0),1,7,"void at::native::unrolled_elementwise_kernel<at::native::copy_device_to_device(at::TensorIterator&, bool)::{lambda()#2}::operator()() const::{lambda()#8}::operator()() const::{lambda(float)#1}, at::detail::Array<char*, 2>, OffsetCalculator<1, unsigned int>, char*, at::native::memory::LoadWithoutCast, at::detail::Array<char*, 2>::StoreWithoutCast>(int, at::native::copy_device_to_device(at::TensorIterator&, bool)::{lambda()#2}::operator()() const::{lambda()#8}::operator()() const::{lambda(float)#1}, at::detail::Array<char*, 2>, OffsetCalculator<1, unsigned int>, char*, at::native::memory::LoadWithoutCast, at::detail::Array<char*, 2>::StoreWithoutCast)"
14.655773,39104,1576,16,1,8,256,1,1,82,26624,0,,,,,Tesla V100-SXM2-16GB (0),1,7,volta_sgemm_64x32_sliced1x4_tn
14.655813,2848,1578,125,1,1,128,1,1,32,0,0,,,,,Tesla V100-SXM2-16GB (0),1,7,"void splitKreduce_kernel<float, float, float, float>(cublasSplitKParams<float>, float const*, float const*, float*, float const*, float const*, float const*)"
14.656012,8128,1588,4,1,1,32,4,1,80,0,0,,,,,Tesla V100-SXM2-16GB (0),1,7,"void (anonymous namespace)::softmax_warp_forward<float, float, float, 10, true>(float*, float const*, int, int, int)"
14.658889,4993,1601,1,1,1,32,1,1,34,256,0,,,,,Tesla V100-SXM2-16GB (0),1,7,"void cunn_ClassNLLCriterion_updateOutput_kernel<float, float>(float*, float*, float*, long*, float*, int, int, int, int, long)"
14.659140,26464,1609,16,1,1,1024,1,1,32,128,0,,,,,Tesla V100-SXM2-16GB (0),1,7,"void at::native::(anonymous namespace)::gatherTopK<float, unsigned int, 2, true>(at::cuda::detail::TensorInfo<float, unsigned int>, unsigned int, unsigned int, unsigned int, unsigned int, at::cuda::detail::TensorInfo<float, unsigned int>, unsigned int, unsigned int, at::cuda::detail::TensorInfo<long, unsigned int>, unsigned int)"
14.659196,9247,1612,16,1,1,16,1,1,30,416,0,,,,,Tesla V100-SXM2-16GB (0),1,7,"void at::native::bitonicSortKVInPlace<float, long, 2, -1, GTComp<float, true>, unsigned int, 32>(at::cuda::detail::TensorInfo<float, unsigned int>, unsigned int, unsigned int, unsigned int, at::cuda::detail::TensorInfo<long, unsigned int>, unsigned int, GTComp<float, true>)"
14.659427,3872,1625,1,1,1,64,1,1,28,0,0,,,,,Tesla V100-SXM2-16GB (0),1,7,"void at::native::unrolled_elementwise_kernel<at::native::CompareEqFunctor<long>, at::detail::Array<char*, 3>, OffsetCalculator<2, unsigned int>, OffsetCalculator<1, unsigned int>, at::native::memory::LoadWithoutCast, at::native::memory::StoreWithoutCast>(int, at::native::CompareEqFunctor<long>, at::detail::Array<char*, 3>, OffsetCalculator<2, unsigned int>, OffsetCalculator<1, unsigned int>, at::native::memory::LoadWithoutCast, at::native::memory::StoreWithoutCast)"
14.659540,4352,1636,1,1,1,64,1,1,32,0,0,,,,,Tesla V100-SXM2-16GB (0),1,7,"void at::native::unrolled_elementwise_kernel<at::native::copy_device_to_device(at::TensorIterator&, bool)::{lambda()#2}::operator()() const::{lambda()#8}::operator()() const::{lambda(float)#1}, at::detail::Array<char*, 2>, OffsetCalculator<1, unsigned int>, char*, at::native::memory::LoadWithCast<1>, at::detail::Array<char*, 2>::StoreWithCast>(int, at::native::copy_device_to_device(at::TensorIterator&, bool)::{lambda()#2}::operator()() const::{lambda()#8}::operator()() const::{lambda(float)#1}, at::detail::Array<char*, 2>, OffsetCalculator<1, unsigned int>, char*, at::native::memory::LoadWithCast<1>, at::detail::Array<char*, 2>::StoreWithCast)"
14.659649,5280,1649,1,1,1,16,1,1,30,16,0,,,,,Tesla V100-SXM2-16GB (0),1,7,"void at::native::reduce_kernel<512, 1, at::native::ReduceOp<float, at::native::func_wrapper_t<float, at::native::sum_functor<float, float, float>::operator()(at::TensorIterator&)::{lambda(float, float)#1}>, unsigned int, float, 4> >(at::native::ReduceOp<float, at::native::func_wrapper_t<float, at::native::sum_functor<float, float, float>::operator()(at::TensorIterator&)::{lambda(float, float)#1}>, unsigned int, float, 4>)"
14.659758,1791,1655,1,1,1,64,1,1,16,0,0,,,,,Tesla V100-SXM2-16GB (0),1,7,"void at::native::vectorized_elementwise_kernel<4, at::native::MulScalarFunctor<float, float>, at::detail::Array<char*, 2> >(int, at::native::MulScalarFunctor<float, float>, at::detail::Array<char*, 2>)"
14.659834,3904,1666,1,1,1,64,1,1,20,0,0,,,,,Tesla V100-SXM2-16GB (0),1,7,"void at::native::unrolled_elementwise_kernel<at::native::copy_device_to_device(at::TensorIterator&, bool)::{lambda()#2}::operator()() const::{lambda()#22}::operator()() const::{lambda(bool)#1}, at::detail::Array<char*, 2>, OffsetCalculator<1, unsigned int>, char*, at::native::memory::LoadWithoutCast, at::detail::Array<char*, 2>::StoreWithoutCast>(int, at::native::copy_device_to_device(at::TensorIterator&, bool)::{lambda()#2}::operator()() const::{lambda()#22}::operator()() const::{lambda(bool)#1}, at::detail::Array<char*, 2>, OffsetCalculator<1, unsigned int>, char*, at::native::memory::LoadWithoutCast, at::detail::Array<char*, 2>::StoreWithoutCast)"
14.659891,4223,1679,1,1,1,64,1,1,32,0,0,,,,,Tesla V100-SXM2-16GB (0),1,7,"void at::native::unrolled_elementwise_kernel<at::native::copy_device_to_device(at::TensorIterator&, bool)::{lambda()#2}::operator()() const::{lambda()#8}::operator()() const::{lambda(float)#1}, at::detail::Array<char*, 2>, TrivialOffsetCalculator<1, unsigned int>, char*, at::native::memory::LoadWithCast<1>, at::detail::Array<char*, 2>::StoreWithCast>(int, at::native::copy_device_to_device(at::TensorIterator&, bool)::{lambda()#2}::operator()() const::{lambda()#8}::operator()() const::{lambda(float)#1}, at::detail::Array<char*, 2>, TrivialOffsetCalculator<1, unsigned int>, char*, at::native::memory::LoadWithCast<1>, at::detail::Array<char*, 2>::StoreWithCast)"
14.659941,2751,1692,1,1,1,64,1,1,30,16,256,,,,,Tesla V100-SXM2-16GB (0),1,7,"void at::native::reduce_kernel<512, 1, at::native::ReduceOp<float, at::native::func_wrapper_t<float, at::native::sum_functor<float, float, float>::operator()(at::TensorIterator&)::{lambda(float, float)#1}>, unsigned int, float, 4> >(at::native::ReduceOp<float, at::native::func_wrapper_t<float, at::native::sum_functor<float, float, float>::operator()(at::TensorIterator&)::{lambda(float, float)#1}>, unsigned int, float, 4>)"
14.659981,1216,1698,1,1,1,64,1,1,16,0,0,,,,,Tesla V100-SXM2-16GB (0),1,7,"void at::native::vectorized_elementwise_kernel<4, at::native::MulScalarFunctor<float, float>, at::detail::Array<char*, 2> >(int, at::native::MulScalarFunctor<float, float>, at::detail::Array<char*, 2>)"
14.660134,2848,1705,,,,,,,,,,4,1.404,Device,Pageable,Tesla V100-SXM2-16GB (0),1,7,[CUDA memcpy DtoH]
14.660260,1216,1715,1,1,1,64,1,1,16,0,0,,,,,Tesla V100-SXM2-16GB (0),1,7,"void at::native::vectorized_elementwise_kernel<4, at::native::MulScalarFunctor<float, float>, at::detail::Array<char*, 2> >(int, at::native::MulScalarFunctor<float, float>, at::detail::Array<char*, 2>)"
14.660334,1664,1722,1,1,1,64,1,1,16,0,0,,,,,Tesla V100-SXM2-16GB (0),1,7,"void at::native::vectorized_elementwise_kernel<4, at::native::BUnaryFunctor<at::native::AddFunctor<float> >, at::detail::Array<char*, 2> >(int, at::native::BUnaryFunctor<at::native::AddFunctor<float> >, at::detail::Array<char*, 2>)"
14.660386,1280,1728,1,1,1,64,1,1,16,0,0,,,,,Tesla V100-SXM2-16GB (0),1,7,"void at::native::vectorized_elementwise_kernel<4, at::native::MulScalarFunctor<float, float>, at::detail::Array<char*, 2> >(int, at::native::MulScalarFunctor<float, float>, at::detail::Array<char*, 2>)"
14.660425,1216,1737,1,1,1,64,1,1,16,0,0,,,,,Tesla V100-SXM2-16GB (0),1,7,"void at::native::vectorized_elementwise_kernel<4, at::native::MulScalarFunctor<float, float>, at::detail::Array<char*, 2> >(int, at::native::MulScalarFunctor<float, float>, at::detail::Array<char*, 2>)"
14.660445,1248,1744,1,1,1,64,1,1,16,0,0,,,,,Tesla V100-SXM2-16GB (0),1,7,"void at::native::vectorized_elementwise_kernel<4, at::native::BUnaryFunctor<at::native::AddFunctor<float> >, at::detail::Array<char*, 2> >(int, at::native::BUnaryFunctor<at::native::AddFunctor<float> >, at::detail::Array<char*, 2>)"
14.660464,1249,1750,1,1,1,64,1,1,16,0,0,,,,,Tesla V100-SXM2-16GB (0),1,7,"void at::native::vectorized_elementwise_kernel<4, at::native::MulScalarFunctor<float, float>, at::detail::Array<char*, 2> >(int, at::native::MulScalarFunctor<float, float>, at::detail::Array<char*, 2>)"
14.660889,1344,1762,1,1,1,64,1,1,16,0,0,,,,,Tesla V100-SXM2-16GB (0),1,7,"void at::native::vectorized_elementwise_kernel<4, at::native::FillFunctor<float>, at::detail::Array<char*, 1> >(int, at::native::FillFunctor<float>, at::detail::Array<char*, 1>)"
14.662346,1664,1774,,,,,,,,,,64000,38461.538,Device,,Tesla V100-SXM2-16GB (0),1,7,[CUDA memset]
14.662376,2688,1778,1,1,1,32,1,1,32,0,0,,,,,Tesla V100-SXM2-16GB (0),1,7,"void cunn_ClassNLLCriterion_updateGradInput_kernel<float>(float*, float*, long*, float*, float*, int, int, int, int, long)"
14.662452,8992,1790,4,1,1,32,4,1,109,0,0,,,,,Tesla V100-SXM2-16GB (0),1,7,"void (anonymous namespace)::softmax_warp_backward<float, float, float, 10, true>(float*, float const*, float const*, int, int, int)"
14.662588,2048,1816,,,,,,,,,,112,54.688,Pageable,Device,Tesla V100-SXM2-16GB (0),1,7,[CUDA memcpy HtoD]
14.664208,44928,1962,128,1,1,128,1,1,86,32768,0,,,,,Tesla V100-SXM2-16GB (0),1,7,volta_sgemm_32x32_sliced1x4_nn
14.664302,30656,1972,32,32,1,256,1,1,57,16384,0,,,,,Tesla V100-SXM2-16GB (0),1,7,volta_sgemm_128x32_nt
14.664363,7584,1983,2,1,1,32,4,1,52,16,0,,,,,Tesla V100-SXM2-16GB (0),1,7,"void at::native::reduce_kernel<128, 4, at::native::ReduceOp<float, at::native::func_wrapper_t<float, at::native::sum_functor<float, float, float>::operator()(at::TensorIterator&)::{lambda(float, float)#1}>, unsigned int, float, 4> >(at::native::ReduceOp<float, at::native::func_wrapper_t<float, at::native::sum_functor<float, float, float>::operator()(at::TensorIterator&)::{lambda(float, float)#1}>, unsigned int, float, 4>)"
14.664482,2655,1999,256,1,1,64,1,1,19,0,0,,,,,Tesla V100-SXM2-16GB (0),1,7,"void at::native::vectorized_elementwise_kernel<4, at::native::(anonymous namespace)::masked_scale_kernel<float, float>(at::Tensor&, at::Tensor, at::Tensor, float)::{lambda(float, unsigned char)#1}, at::detail::Array<char*, 3> >(int, at::native::(anonymous namespace)::masked_scale_kernel<float, float>(at::Tensor&, at::Tensor, at::Tensor, float)::{lambda(float, unsigned char)#1}, at::detail::Array<char*, 3>)"
14.664565,3008,2007,256,1,1,64,1,1,19,0,0,,,,,Tesla V100-SXM2-16GB (0),1,7,"void at::native::vectorized_elementwise_kernel<4, at::native::threshold_kernel_impl<float>(at::TensorIteratorBase&, float, float)::{lambda(float, float)#1}, at::detail::Array<char*, 3> >(int, at::native::threshold_kernel_impl<float>(at::TensorIteratorBase&, float, float)::{lambda(float, float)#1}, at::detail::Array<char*, 3>)"
14.664654,133791,2021,64,1,6,256,1,1,82,25600,0,,,,,Tesla V100-SXM2-16GB (0),1,7,volta_sgemm_64x32_sliced1x4_nn
14.664789,5568,2023,512,1,1,128,1,1,32,0,0,,,,,Tesla V100-SXM2-16GB (0),1,7,"void splitKreduce_kernel<float, float, float, float>(cublasSplitKParams<float>, float const*, float const*, float*, float const*, float const*, float const*)"
14.664796,91936,2034,32,128,1,256,1,1,57,16384,0,,,,,Tesla V100-SXM2-16GB (0),1,7,volta_sgemm_128x32_nt
14.664889,8960,2045,8,1,1,32,4,1,52,16,0,,,,,Tesla V100-SXM2-16GB (0),1,7,"void at::native::reduce_kernel<128, 4, at::native::ReduceOp<float, at::native::func_wrapper_t<float, at::native::sum_functor<float, float, float>::operator()(at::TensorIterator&)::{lambda(float, float)#1}>, unsigned int, float, 4> >(at::native::ReduceOp<float, at::native::func_wrapper_t<float, at::native::sum_functor<float, float, float>::operator()(at::TensorIterator&)::{lambda(float, float)#1}>, unsigned int, float, 4>)"
14.664899,2176,2061,256,1,1,64,1,1,19,0,0,,,,,Tesla V100-SXM2-16GB (0),1,7,"void at::native::vectorized_elementwise_kernel<4, at::native::(anonymous namespace)::masked_scale_kernel<float, float>(at::Tensor&, at::Tensor, at::Tensor, float)::{lambda(float, unsigned char)#1}, at::detail::Array<char*, 3> >(int, at::native::(anonymous namespace)::masked_scale_kernel<float, float>(at::Tensor&, at::Tensor, at::Tensor, float)::{lambda(float, unsigned char)#1}, at::detail::Array<char*, 3>)"
14.664902,2304,2069,256,1,1,64,1,1,19,0,0,,,,,Tesla V100-SXM2-16GB (0),1,7,"void at::native::vectorized_elementwise_kernel<4, at::native::threshold_kernel_impl<float>(at::TensorIteratorBase&, float, float)::{lambda(float, float)#1}, at::detail::Array<char*, 3> >(int, at::native::threshold_kernel_impl<float>(at::TensorIteratorBase&, float, float)::{lambda(float, float)#1}, at::detail::Array<char*, 3>)"
14.664912,641532,2081,196,1,1,256,1,1,134,41984,0,,,,,Tesla V100-SXM2-16GB (0),1,7,volta_sgemm_128x32_sliced1x4_nn
14.665716,596221,2095,196,64,1,128,1,1,122,12288,0,,,,,Tesla V100-SXM2-16GB (0),1,7,volta_sgemm_128x64_nt
14.666313,6272,2106,8,1,1,32,4,1,52,16,0,,,,,Tesla V100-SXM2-16GB (0),1,7,"void at::native::reduce_kernel<128, 4, at::native::ReduceOp<float, at::native::func_wrapper_t<float, at::native::sum_functor<float, float, float>::operator()(at::TensorIterator&)::{lambda(float, float)#1}>, unsigned int, float, 4> >(at::native::ReduceOp<float, at::native::func_wrapper_t<float, at::native::sum_functor<float, float, float>::operator()(at::TensorIterator&)::{lambda(float, float)#1}>, unsigned int, float, 4>)"
14.666320,4832,2126,1568,1,1,64,1,1,16,0,0,,,,,Tesla V100-SXM2-16GB (0),1,7,"void at::native::vectorized_elementwise_kernel<4, at::native::FillFunctor<float>, at::detail::Array<char*, 1> >(int, at::native::FillFunctor<float>, at::detail::Array<char*, 1>)"
14.666327,45536,2131,8192,1,1,32,8,1,30,0,0,,,,,Tesla V100-SXM2-16GB (0),1,7,"void at::native::(anonymous namespace)::atomic_adaptive_average_gradinput<float>(float*, float*, int, int, int, int)"
14.666373,11359,2141,6272,1,1,64,1,1,16,0,0,,,,,Tesla V100-SXM2-16GB (0),1,7,"void at::native::vectorized_elementwise_kernel<4, at::native::FillFunctor<float>, at::detail::Array<char*, 1> >(int, at::native::FillFunctor<float>, at::detail::Array<char*, 1>)"
14.666386,45056,2148,1,16,512,256,1,1,32,0,0,,,,,Tesla V100-SXM2-16GB (0),1,7,"void at::native::(anonymous namespace)::max_pool_backward_nchw<float, float>(int, float const*, long const*, int, int, int, int, int, int, int, int, int, int, int, int, int, int, float*)"
14.666432,23296,2156,6272,1,1,64,1,1,19,0,0,,,,,Tesla V100-SXM2-16GB (0),1,7,"void at::native::vectorized_elementwise_kernel<4, at::native::threshold_kernel_impl<float>(at::TensorIteratorBase&, float, float)::{lambda(float, float)#1}, at::detail::Array<char*, 3> >(int, at::native::threshold_kernel_impl<float>(at::TensorIteratorBase&, float, float)::{lambda(float, float)#1}, at::detail::Array<char*, 3>)"
14.666457,28704,2170,32,1,1,32,16,1,30,16,0,,,,,Tesla V100-SXM2-16GB (0),1,7,"void at::native::reduce_kernel<512, 1, at::native::ReduceOp<float, at::native::func_wrapper_t<float, at::native::sum_functor<float, float, float>::operator()(at::TensorIterator&)::{lambda(float, float)#1}>, unsigned int, float, 4> >(at::native::ReduceOp<float, at::native::func_wrapper_t<float, at::native::sum_functor<float, float, float>::operator()(at::TensorIterator&)::{lambda(float, float)#1}>, unsigned int, float, 4>)"
14.666566,1888,2221,,,,,,,,,,15360,8135.593,Device,,Tesla V100-SXM2-16GB (0),1,33,[CUDA memset]
14.666578,1569,2222,,,,,,,,,,15360,9789.675,Device,,Tesla V100-SXM2-16GB (0),1,34,[CUDA memset]
14.666588,1632,2223,,,,,,,,,,15360,9411.765,Device,,Tesla V100-SXM2-16GB (0),1,35,[CUDA memset]
14.666599,1600,2224,,,,,,,,,,15360,9600.000,Device,,Tesla V100-SXM2-16GB (0),1,36,[CUDA memset]
14.666710,2048,2255,,,,,,,,,,112,54.688,Pageable,Device,Tesla V100-SXM2-16GB (0),1,7,[CUDA memcpy HtoD]
14.669161,31327,2405,1,512,1,256,1,1,64,22656,0,,,,,Tesla V100-SXM2-16GB (0),1,7,"void cudnn::winograd_nonfused::winogradForwardData4x4<float, float>(cudnn::winograd_nonfused::WinogradDataParams<float, float>)"
14.669193,65407,2406,16,64,1,32,8,1,32,9216,0,,,,,Tesla V100-SXM2-16GB (0),1,7,"void cudnn::winograd_nonfused::winogradForwardFilter4x4<float, float>(cudnn::winograd_nonfused::WinogradFilterParams<float, float>)"
14.669261,429470,2414,4,8,36,64,1,1,126,8192,0,,,,,Tesla V100-SXM2-16GB (0),1,7,volta_sgemm_64x64_nt
14.669691,37249,2416,1,512,1,256,1,1,64,16640,0,,,,,Tesla V100-SXM2-16GB (0),1,7,"void cudnn::winograd_nonfused::winogradForwardOutput4x4<float, float>(cudnn::winograd_nonfused::WinogradOutputParams<float, float>)"
14.673949,37184,2431,32,16,1,256,1,1,64,24704,0,,,,,Tesla V100-SXM2-16GB (0),1,7,"void cudnn::winograd_nonfused::winogradWgradData4x4<float, float>(cudnn::winograd_nonfused::WinogradDataParams<float, float>)"
14.673988,34208,2432,32,16,1,256,1,1,64,16896,0,,,,,Tesla V100-SXM2-16GB (0),1,7,"void cudnn::winograd_nonfused::winogradWgradDelta4x4<float, float>(cudnn::winograd_nonfused::WinogradDeltaParams<float, float>)"
14.674023,419069,2440,8,8,36,64,1,1,126,8192,0,,,,,Tesla V100-SXM2-16GB (0),1,7,volta_sgemm_64x64_nt
14.674444,63584,2442,16,64,1,32,8,1,62,9216,0,,,,,Tesla V100-SXM2-16GB (0),1,7,"void cudnn::winograd_nonfused::winogradWgradOutput4x4<float, float>(cudnn::winograd_nonfused::WinogradWgradOutputParams<float, float>)"
14.674508,25280,2453,6272,1,1,64,1,1,19,0,0,,,,,Tesla V100-SXM2-16GB (0),1,7,"void at::native::vectorized_elementwise_kernel<4, at::native::threshold_kernel_impl<float>(at::TensorIteratorBase&, float, float)::{lambda(float, float)#1}, at::detail::Array<char*, 3> >(int, at::native::threshold_kernel_impl<float>(at::TensorIteratorBase&, float, float)::{lambda(float, float)#1}, at::detail::Array<char*, 3>)"
14.674534,26304,2467,32,1,1,32,16,1,30,16,0,,,,,Tesla V100-SXM2-16GB (0),1,7,"void at::native::reduce_kernel<512, 1, at::native::ReduceOp<float, at::native::func_wrapper_t<float, at::native::sum_functor<float, float, float>::operator()(at::TensorIterator&)::{lambda(float, float)#1}>, unsigned int, float, 4> >(at::native::ReduceOp<float, at::native::func_wrapper_t<float, at::native::sum_functor<float, float, float>::operator()(at::TensorIterator&)::{lambda(float, float)#1}>, unsigned int, float, 4>)"
14.674562,32480,2486,1,512,1,256,1,1,64,22656,0,,,,,Tesla V100-SXM2-16GB (0),1,7,"void cudnn::winograd_nonfused::winogradForwardData4x4<float, float>(cudnn::winograd_nonfused::WinogradDataParams<float, float>)"
14.674595,65568,2487,16,64,1,32,8,1,32,9216,0,,,,,Tesla V100-SXM2-16GB (0),1,7,"void cudnn::winograd_nonfused::winogradForwardFilter4x4<float, float>(cudnn::winograd_nonfused::WinogradFilterParams<float, float>)"
14.674662,423422,2495,4,8,36,64,1,1,126,8192,0,,,,,Tesla V100-SXM2-16GB (0),1,7,volta_sgemm_64x64_nt
14.675086,34847,2497,1,512,1,256,1,1,64,16640,0,,,,,Tesla V100-SXM2-16GB (0),1,7,"void cudnn::winograd_nonfused::winogradForwardOutput4x4<float, float>(cudnn::winograd_nonfused::WinogradOutputParams<float, float>)"
14.675122,36992,2511,32,16,1,256,1,1,64,24704,0,,,,,Tesla V100-SXM2-16GB (0),1,7,"void cudnn::winograd_nonfused::winogradWgradData4x4<float, float>(cudnn::winograd_nonfused::WinogradDataParams<float, float>)"
14.675160,36448,2512,32,16,1,256,1,1,64,16896,0,,,,,Tesla V100-SXM2-16GB (0),1,7,"void cudnn::winograd_nonfused::winogradWgradDelta4x4<float, float>(cudnn::winograd_nonfused::WinogradDeltaParams<float, float>)"
14.675198,400702,2520,8,8,36,64,1,1,126,8192,0,,,,,Tesla V100-SXM2-16GB (0),1,7,volta_sgemm_64x64_nt
14.675599,60927,2522,16,64,1,32,8,1,62,9216,0,,,,,Tesla V100-SXM2-16GB (0),1,7,"void cudnn::winograd_nonfused::winogradWgradOutput4x4<float, float>(cudnn::winograd_nonfused::WinogradWgradOutputParams<float, float>)"
14.675661,42528,2535,25088,1,1,64,1,1,16,0,0,,,,,Tesla V100-SXM2-16GB (0),1,7,"void at::native::vectorized_elementwise_kernel<4, at::native::FillFunctor<float>, at::detail::Array<char*, 1> >(int, at::native::FillFunctor<float>, at::detail::Array<char*, 1>)"
14.675705,154239,2542,4,16,512,256,1,1,32,0,0,,,,,Tesla V100-SXM2-16GB (0),1,7,"void at::native::(anonymous namespace)::max_pool_backward_nchw<float, float>(int, float const*, long const*, int, int, int, int, int, int, int, int, int, int, int, int, int, int, float*)"
14.675860,92800,2550,25088,1,1,64,1,1,19,0,0,,,,,Tesla V100-SXM2-16GB (0),1,7,"void at::native::vectorized_elementwise_kernel<4, at::native::threshold_kernel_impl<float>(at::TensorIteratorBase&, float, float)::{lambda(float, float)#1}, at::detail::Array<char*, 3> >(int, at::native::threshold_kernel_impl<float>(at::TensorIteratorBase&, float, float)::{lambda(float, float)#1}, at::detail::Array<char*, 3>)"
14.675954,43648,2563,512,1,1,32,16,1,30,16,2048,,,,,Tesla V100-SXM2-16GB (0),1,7,"void at::native::reduce_kernel<512, 1, at::native::ReduceOp<float, at::native::func_wrapper_t<float, at::native::sum_functor<float, float, float>::operator()(at::TensorIterator&)::{lambda(float, float)#1}>, unsigned int, float, 4> >(at::native::ReduceOp<float, at::native::func_wrapper_t<float, at::native::sum_functor<float, float, float>::operator()(at::TensorIterator&)::{lambda(float, float)#1}>, unsigned int, float, 4>)"
14.675999,133408,2582,4,512,1,256,1,1,64,22656,0,,,,,Tesla V100-SXM2-16GB (0),1,7,"void cudnn::winograd_nonfused::winogradForwardData4x4<float, float>(cudnn::winograd_nonfused::WinogradDataParams<float, float>)"
14.676133,64927,2583,16,64,1,32,8,1,32,9216,0,,,,,Tesla V100-SXM2-16GB (0),1,7,"void cudnn::winograd_nonfused::winogradForwardFilter4x4<float, float>(cudnn::winograd_nonfused::WinogradFilterParams<float, float>)"
14.676199,1196858,2591,25,4,36,256,1,1,57,16384,0,,,,,Tesla V100-SXM2-16GB (0),1,7,volta_sgemm_32x128_nt
14.677397,143296,2593,4,512,1,256,1,1,64,16640,0,,,,,Tesla V100-SXM2-16GB (0),1,7,"void cudnn::winograd_nonfused::winogradForwardOutput4x4<float, float>(cudnn::winograd_nonfused::WinogradOutputParams<float, float>)"
14.677541,126879,2607,128,16,1,256,1,1,64,24704,0,,,,,Tesla V100-SXM2-16GB (0),1,7,"void cudnn::winograd_nonfused::winogradWgradData4x4<float, float>(cudnn::winograd_nonfused::WinogradDataParams<float, float>)"
14.677669,126879,2608,128,16,1,256,1,1,64,16896,0,,,,,Tesla V100-SXM2-16GB (0),1,7,"void cudnn::winograd_nonfused::winogradWgradDelta4x4<float, float>(cudnn::winograd_nonfused::WinogradDeltaParams<float, float>)"
14.677798,1255129,2616,8,8,36,64,1,1,126,8192,0,,,,,Tesla V100-SXM2-16GB (0),1,7,volta_sgemm_64x64_nt
14.679054,61376,2618,16,64,1,32,8,1,62,9216,0,,,,,Tesla V100-SXM2-16GB (0),1,7,"void cudnn::winograd_nonfused::winogradWgradOutput4x4<float, float>(cudnn::winograd_nonfused::WinogradWgradOutputParams<float, float>)"
14.679116,93119,2629,25088,1,1,64,1,1,19,0,0,,,,,Tesla V100-SXM2-16GB (0),1,7,"void at::native::vectorized_elementwise_kernel<4, at::native::threshold_kernel_impl<float>(at::TensorIteratorBase&, float, float)::{lambda(float, float)#1}, at::detail::Array<char*, 3> >(int, at::native::threshold_kernel_impl<float>(at::TensorIteratorBase&, float, float)::{lambda(float, float)#1}, at::detail::Array<char*, 3>)"
14.679210,43776,2642,512,1,1,32,16,1,30,16,2048,,,,,Tesla V100-SXM2-16GB (0),1,7,"void at::native::reduce_kernel<512, 1, at::native::ReduceOp<float, at::native::func_wrapper_t<float, at::native::sum_functor<float, float, float>::operator()(at::TensorIterator&)::{lambda(float, float)#1}>, unsigned int, float, 4> >(at::native::ReduceOp<float, at::native::func_wrapper_t<float, at::native::sum_functor<float, float, float>::operator()(at::TensorIterator&)::{lambda(float, float)#1}>, unsigned int, float, 4>)"
14.679255,123551,2661,4,512,1,256,1,1,64,22656,0,,,,,Tesla V100-SXM2-16GB (0),1,7,"void cudnn::winograd_nonfused::winogradForwardData4x4<float, float>(cudnn::winograd_nonfused::WinogradDataParams<float, float>)"
14.679379,32864,2662,8,64,1,32,8,1,32,9216,0,,,,,Tesla V100-SXM2-16GB (0),1,7,"void cudnn::winograd_nonfused::winogradForwardFilter4x4<float, float>(cudnn::winograd_nonfused::WinogradFilterParams<float, float>)"
14.679413,604573,2670,25,2,36,256,1,1,57,16384,0,,,,,Tesla V100-SXM2-16GB (0),1,7,volta_sgemm_32x128_nt
14.680019,67232,2672,4,256,1,256,1,1,64,16640,0,,,,,Tesla V100-SXM2-16GB (0),1,7,"void cudnn::winograd_nonfused::winogradForwardOutput4x4<float, float>(cudnn::winograd_nonfused::WinogradOutputParams<float, float>)"
14.680087,59360,2686,64,16,1,256,1,1,64,24704,0,,,,,Tesla V100-SXM2-16GB (0),1,7,"void cudnn::winograd_nonfused::winogradWgradData4x4<float, float>(cudnn::winograd_nonfused::WinogradDataParams<float, float>)"
14.680147,124159,2687,128,16,1,256,1,1,64,16896,0,,,,,Tesla V100-SXM2-16GB (0),1,7,"void cudnn::winograd_nonfused::winogradWgradDelta4x4<float, float>(cudnn::winograd_nonfused::WinogradDeltaParams<float, float>)"
14.680273,637372,2695,4,8,36,64,1,1,126,8192,0,,,,,Tesla V100-SXM2-16GB (0),1,7,volta_sgemm_64x64_nt
14.680911,33408,2697,8,64,1,32,8,1,62,9216,0,,,,,Tesla V100-SXM2-16GB (0),1,7,"void cudnn::winograd_nonfused::winogradWgradOutput4x4<float, float>(cudnn::winograd_nonfused::WinogradWgradOutputParams<float, float>)"
14.680946,83872,2710,50176,1,1,64,1,1,16,0,0,,,,,Tesla V100-SXM2-16GB (0),1,7,"void at::native::vectorized_elementwise_kernel<4, at::native::FillFunctor<float>, at::detail::Array<char*, 1> >(int, at::native::FillFunctor<float>, at::detail::Array<char*, 1>)"
14.681031,289598,2717,13,16,256,256,1,1,32,0,0,,,,,Tesla V100-SXM2-16GB (0),1,7,"void at::native::(anonymous namespace)::max_pool_backward_nchw<float, float>(int, float const*, long const*, int, int, int, int, int, int, int, int, int, int, int, int, int, int, float*)"
14.681321,184255,2725,50176,1,1,64,1,1,19,0,0,,,,,Tesla V100-SXM2-16GB (0),1,7,"void at::native::vectorized_elementwise_kernel<4, at::native::threshold_kernel_impl<float>(at::TensorIteratorBase&, float, float)::{lambda(float, float)#1}, at::detail::Array<char*, 3> >(int, at::native::threshold_kernel_impl<float>(at::TensorIteratorBase&, float, float)::{lambda(float, float)#1}, at::detail::Array<char*, 3>)"
14.681506,72544,2738,256,1,1,32,16,1,30,16,2048,,,,,Tesla V100-SXM2-16GB (0),1,7,"void at::native::reduce_kernel<512, 1, at::native::ReduceOp<float, at::native::func_wrapper_t<float, at::native::sum_functor<float, float, float>::operator()(at::TensorIterator&)::{lambda(float, float)#1}>, unsigned int, float, 4> >(at::native::ReduceOp<float, at::native::func_wrapper_t<float, at::native::sum_functor<float, float, float>::operator()(at::TensorIterator&)::{lambda(float, float)#1}>, unsigned int, float, 4>)"
14.681580,245854,2757,16,256,1,256,1,1,64,22656,0,,,,,Tesla V100-SXM2-16GB (0),1,7,"void cudnn::winograd_nonfused::winogradForwardData4x4<float, float>(cudnn::winograd_nonfused::WinogradDataParams<float, float>)"
14.681827,17344,2758,8,32,1,32,8,1,32,9216,0,,,,,Tesla V100-SXM2-16GB (0),1,7,"void cudnn::winograd_nonfused::winogradForwardFilter4x4<float, float>(cudnn::winograd_nonfused::WinogradFilterParams<float, float>)"
14.681845,1175065,2766,49,4,36,64,1,1,126,8192,0,,,,,Tesla V100-SXM2-16GB (0),1,7,volta_sgemm_64x64_nt
14.683021,213087,2768,16,256,1,256,1,1,64,16640,0,,,,,Tesla V100-SXM2-16GB (0),1,7,"void cudnn::winograd_nonfused::winogradForwardOutput4x4<float, float>(cudnn::winograd_nonfused::WinogradOutputParams<float, float>)"
14.683235,244895,2782,224,16,1,256,1,1,64,24704,0,,,,,Tesla V100-SXM2-16GB (0),1,7,"void cudnn::winograd_nonfused::winogradWgradData4x4<float, float>(cudnn::winograd_nonfused::WinogradDataParams<float, float>)"
14.683481,252734,2783,224,16,1,256,1,1,64,16896,0,,,,,Tesla V100-SXM2-16GB (0),1,7,"void cudnn::winograd_nonfused::winogradWgradDelta4x4<float, float>(cudnn::winograd_nonfused::WinogradDeltaParams<float, float>)"
14.683735,1256505,2791,4,4,36,64,1,1,126,8192,0,,,,,Tesla V100-SXM2-16GB (0),1,7,volta_sgemm_64x64_nt
14.684992,16256,2793,8,32,1,32,8,1,62,9216,0,,,,,Tesla V100-SXM2-16GB (0),1,7,"void cudnn::winograd_nonfused::winogradWgradOutput4x4<float, float>(cudnn::winograd_nonfused::WinogradWgradOutputParams<float, float>)"
14.685009,182815,2804,50176,1,1,64,1,1,19,0,0,,,,,Tesla V100-SXM2-16GB (0),1,7,"void at::native::vectorized_elementwise_kernel<4, at::native::threshold_kernel_impl<float>(at::TensorIteratorBase&, float, float)::{lambda(float, float)#1}, at::detail::Array<char*, 3> >(int, at::native::threshold_kernel_impl<float>(at::TensorIteratorBase&, float, float)::{lambda(float, float)#1}, at::detail::Array<char*, 3>)"
14.685193,70144,2817,256,1,1,32,16,1,30,16,2048,,,,,Tesla V100-SXM2-16GB (0),1,7,"void at::native::reduce_kernel<512, 1, at::native::ReduceOp<float, at::native::func_wrapper_t<float, at::native::sum_functor<float, float, float>::operator()(at::TensorIterator&)::{lambda(float, float)#1}>, unsigned int, float, 4> >(at::native::ReduceOp<float, at::native::func_wrapper_t<float, at::native::sum_functor<float, float, float>::operator()(at::TensorIterator&)::{lambda(float, float)#1}>, unsigned int, float, 4>)"
14.685264,243647,2836,16,256,1,256,1,1,64,22656,0,,,,,Tesla V100-SXM2-16GB (0),1,7,"void cudnn::winograd_nonfused::winogradForwardData4x4<float, float>(cudnn::winograd_nonfused::WinogradDataParams<float, float>)"
14.685508,8320,2837,4,32,1,32,8,1,32,9216,0,,,,,Tesla V100-SXM2-16GB (0),1,7,"void cudnn::winograd_nonfused::winogradForwardFilter4x4<float, float>(cudnn::winograd_nonfused::WinogradFilterParams<float, float>)"
14.685518,605213,2845,49,2,36,64,1,1,126,8192,0,,,,,Tesla V100-SXM2-16GB (0),1,7,volta_sgemm_64x64_nt
14.686124,112063,2847,16,128,1,256,1,1,64,16640,0,,,,,Tesla V100-SXM2-16GB (0),1,7,"void cudnn::winograd_nonfused::winogradForwardOutput4x4<float, float>(cudnn::winograd_nonfused::WinogradOutputParams<float, float>)"
14.686237,120223,2861,112,16,1,256,1,1,64,24704,0,,,,,Tesla V100-SXM2-16GB (0),1,7,"void cudnn::winograd_nonfused::winogradWgradData4x4<float, float>(cudnn::winograd_nonfused::WinogradDataParams<float, float>)"
14.686358,253311,2862,224,16,1,256,1,1,64,16896,0,,,,,Tesla V100-SXM2-16GB (0),1,7,"void cudnn::winograd_nonfused::winogradWgradDelta4x4<float, float>(cudnn::winograd_nonfused::WinogradDeltaParams<float, float>)"
14.686612,630204,2870,4,2,36,256,1,1,57,16384,0,,,,,Tesla V100-SXM2-16GB (0),1,7,volta_sgemm_32x128_nt
14.687243,7264,2872,4,32,1,32,8,1,62,9216,0,,,,,Tesla V100-SXM2-16GB (0),1,7,"void cudnn::winograd_nonfused::winogradWgradOutput4x4<float, float>(cudnn::winograd_nonfused::WinogradWgradOutputParams<float, float>)"
14.687253,165535,2885,100352,1,1,64,1,1,16,0,0,,,,,Tesla V100-SXM2-16GB (0),1,7,"void at::native::vectorized_elementwise_kernel<4, at::native::FillFunctor<float>, at::detail::Array<char*, 1> >(int, at::native::FillFunctor<float>, at::detail::Array<char*, 1>)"
14.687420,567197,2892,49,16,128,256,1,1,32,0,0,,,,,Tesla V100-SXM2-16GB (0),1,7,"void at::native::(anonymous namespace)::max_pool_backward_nchw<float, float>(int, float const*, long const*, int, int, int, int, int, int, int, int, int, int, int, int, int, int, float*)"
14.687988,364478,2900,100352,1,1,64,1,1,19,0,0,,,,,Tesla V100-SXM2-16GB (0),1,7,"void at::native::vectorized_elementwise_kernel<4, at::native::threshold_kernel_impl<float>(at::TensorIteratorBase&, float, float)::{lambda(float, float)#1}, at::detail::Array<char*, 3> >(int, at::native::threshold_kernel_impl<float>(at::TensorIteratorBase&, float, float)::{lambda(float, float)#1}, at::detail::Array<char*, 3>)"
14.688355,2112,2915,,,,,,,,,,512,242.424,Device,,Tesla V100-SXM2-16GB (0),1,7,[CUDA memset]
14.688359,152287,2917,128,3,1,32,16,1,30,16,2048,,,,,Tesla V100-SXM2-16GB (0),1,7,"void at::native::reduce_kernel<512, 1, at::native::ReduceOp<float, at::native::func_wrapper_t<float, at::native::sum_functor<float, float, float>::operator()(at::TensorIterator&)::{lambda(float, float)#1}>, unsigned int, float, 4> >(at::native::ReduceOp<float, at::native::func_wrapper_t<float, at::native::sum_functor<float, float, float>::operator()(at::TensorIterator&)::{lambda(float, float)#1}>, unsigned int, float, 4>)"
14.688513,480669,2940,49,128,1,256,1,1,64,22656,0,,,,,Tesla V100-SXM2-16GB (0),1,7,"void cudnn::winograd_nonfused::winogradForwardData4x4<float, float>(cudnn::winograd_nonfused::WinogradDataParams<float, float>)"
14.688994,4992,2941,4,16,1,32,8,1,32,9216,0,,,,,Tesla V100-SXM2-16GB (0),1,7,"void cudnn::winograd_nonfused::winogradForwardFilter4x4<float, float>(cudnn::winograd_nonfused::WinogradFilterParams<float, float>)"
14.689000,1228601,2949,392,1,36,256,1,1,57,16384,0,,,,,Tesla V100-SXM2-16GB (0),1,7,volta_sgemm_32x128_nt
14.690229,403806,2951,49,128,1,256,1,1,64,16640,0,,,,,Tesla V100-SXM2-16GB (0),1,7,"void cudnn::winograd_nonfused::winogradForwardOutput4x4<float, float>(cudnn::winograd_nonfused::WinogradOutputParams<float, float>)"
14.690634,484413,2965,392,16,1,256,1,1,64,24704,0,,,,,Tesla V100-SXM2-16GB (0),1,7,"void cudnn::winograd_nonfused::winogradWgradData4x4<float, float>(cudnn::winograd_nonfused::WinogradDataParams<float, float>)"
14.691120,496285,2966,392,16,1,256,1,1,64,16896,0,,,,,Tesla V100-SXM2-16GB (0),1,7,"void cudnn::winograd_nonfused::winogradWgradDelta4x4<float, float>(cudnn::winograd_nonfused::WinogradDeltaParams<float, float>)"
14.691617,2482610,2974,2,2,36,64,1,1,126,8192,0,,,,,Tesla V100-SXM2-16GB (0),1,7,volta_sgemm_64x64_nt
14.694100,5120,2976,4,16,1,32,8,1,62,9216,0,,,,,Tesla V100-SXM2-16GB (0),1,7,"void cudnn::winograd_nonfused::winogradWgradOutput4x4<float, float>(cudnn::winograd_nonfused::WinogradWgradOutputParams<float, float>)"
14.694106,362238,2987,100352,1,1,64,1,1,19,0,0,,,,,Tesla V100-SXM2-16GB (0),1,7,"void at::native::vectorized_elementwise_kernel<4, at::native::threshold_kernel_impl<float>(at::TensorIteratorBase&, float, float)::{lambda(float, float)#1}, at::detail::Array<char*, 3> >(int, at::native::threshold_kernel_impl<float>(at::TensorIteratorBase&, float, float)::{lambda(float, float)#1}, at::detail::Array<char*, 3>)"
14.694471,1728,3002,,,,,,,,,,512,296.296,Device,,Tesla V100-SXM2-16GB (0),1,7,[CUDA memset]
14.694475,152703,3004,128,3,1,32,16,1,30,16,2048,,,,,Tesla V100-SXM2-16GB (0),1,7,"void at::native::reduce_kernel<512, 1, at::native::ReduceOp<float, at::native::func_wrapper_t<float, at::native::sum_functor<float, float, float>::operator()(at::TensorIterator&)::{lambda(float, float)#1}>, unsigned int, float, 4> >(at::native::ReduceOp<float, at::native::func_wrapper_t<float, at::native::sum_functor<float, float, float>::operator()(at::TensorIterator&)::{lambda(float, float)#1}>, unsigned int, float, 4>)"
14.694628,470973,3023,49,128,1,256,1,1,64,22656,0,,,,,Tesla V100-SXM2-16GB (0),1,7,"void cudnn::winograd_nonfused::winogradForwardData4x4<float, float>(cudnn::winograd_nonfused::WinogradDataParams<float, float>)"
14.695100,3808,3024,2,16,1,32,8,1,32,9216,0,,,,,Tesla V100-SXM2-16GB (0),1,7,"void cudnn::winograd_nonfused::winogradForwardFilter4x4<float, float>(cudnn::winograd_nonfused::WinogradFilterParams<float, float>)"
14.695105,612893,3032,196,1,36,64,1,1,126,8192,0,,,,,Tesla V100-SXM2-16GB (0),1,7,volta_sgemm_64x64_nt
14.695719,209599,3034,49,64,1,256,1,1,64,16640,0,,,,,Tesla V100-SXM2-16GB (0),1,7,"void cudnn::winograd_nonfused::winogradForwardOutput4x4<float, float>(cudnn::winograd_nonfused::WinogradOutputParams<float, float>)"
14.695929,226271,3048,196,16,1,256,1,1,64,24704,0,,,,,Tesla V100-SXM2-16GB (0),1,7,"void cudnn::winograd_nonfused::winogradWgradData4x4<float, float>(cudnn::winograd_nonfused::WinogradDataParams<float, float>)"
14.696156,497533,3049,392,16,1,256,1,1,64,16896,0,,,,,Tesla V100-SXM2-16GB (0),1,7,"void cudnn::winograd_nonfused::winogradWgradDelta4x4<float, float>(cudnn::winograd_nonfused::WinogradDeltaParams<float, float>)"
14.696655,1383225,3057,1,2,36,64,1,1,126,8192,0,,,,,Tesla V100-SXM2-16GB (0),1,7,volta_sgemm_64x64_nt
14.698039,4063,3059,2,16,1,32,8,1,62,9216,0,,,,,Tesla V100-SXM2-16GB (0),1,7,"void cudnn::winograd_nonfused::winogradWgradOutput4x4<float, float>(cudnn::winograd_nonfused::WinogradWgradOutputParams<float, float>)"
14.698045,329919,3072,200704,1,1,64,1,1,16,0,0,,,,,Tesla V100-SXM2-16GB (0),1,7,"void at::native::vectorized_elementwise_kernel<4, at::native::FillFunctor<float>, at::detail::Array<char*, 1> >(int, at::native::FillFunctor<float>, at::detail::Array<char*, 1>)"
14.698376,1131417,3079,196,16,64,256,1,1,32,0,0,,,,,Tesla V100-SXM2-16GB (0),1,7,"void at::native::(anonymous namespace)::max_pool_backward_nchw<float, float>(int, float const*, long const*, int, int, int, int, int, int, int, int, int, int, int, int, int, int, float*)"
14.699508,725212,3087,200704,1,1,64,1,1,19,0,0,,,,,Tesla V100-SXM2-16GB (0),1,7,"void at::native::vectorized_elementwise_kernel<4, at::native::threshold_kernel_impl<float>(at::TensorIteratorBase&, float, float)::{lambda(float, float)#1}, at::detail::Array<char*, 3> >(int, at::native::threshold_kernel_impl<float>(at::TensorIteratorBase&, float, float)::{lambda(float, float)#1}, at::detail::Array<char*, 3>)"
14.700236,1696,3102,,,,,,,,,,256,150.943,Device,,Tesla V100-SXM2-16GB (0),1,7,[CUDA memset]
14.700240,275838,3104,64,7,1,32,16,1,30,16,2048,,,,,Tesla V100-SXM2-16GB (0),1,7,"void at::native::reduce_kernel<512, 1, at::native::ReduceOp<float, at::native::func_wrapper_t<float, at::native::sum_functor<float, float, float>::operator()(at::TensorIterator&)::{lambda(float, float)#1}>, unsigned int, float, 4> >(at::native::ReduceOp<float, at::native::func_wrapper_t<float, at::native::sum_functor<float, float, float>::operator()(at::TensorIterator&)::{lambda(float, float)#1}>, unsigned int, float, 4>)"
14.700517,4992,3123,2,16,1,32,4,1,40,8704,0,,,,,Tesla V100-SXM2-16GB (0),1,7,"void cudnn::winograd::generateWinogradTilesKernel<0, float, float>(cudnn::winograd::GenerateWinogradTilesParams<float, float>)"
14.700524,2670257,3125,32,28,14,256,1,1,126,49152,0,,,,,Tesla V100-SXM2-16GB (0),1,7,volta_scudnn_winograd_128x128_ldg1_ldg4_relu_tile148t_nt_v1
14.703196,2816,3138,1,224,1,256,1,1,16,0,0,,,,,Tesla V100-SXM2-16GB (0),1,7,cask_cudnn::computeWgradSplitKOffsetsKernel(cask_cudnn::ComputeSplitKOffsetsParams)
14.703200,2336,3139,2,1,1,256,1,1,24,0,0,,,,,Tesla V100-SXM2-16GB (0),1,7,cask_cudnn::computeWgradBOffsetsKernel(cask_cudnn::ComputeWgradBOffsetsParams)
14.703204,1696,3140,,,,,,,,,,147456,86943.396,Device,,Tesla V100-SXM2-16GB (0),1,7,[CUDA memset]
14.703208,1760,3141,,,,,,,,,,180,102.273,Device,,Tesla V100-SXM2-16GB (0),1,7,[CUDA memset]
14.703213,5547840,3142,5,1,224,128,1,1,160,32768,0,,,,,Tesla V100-SXM2-16GB (0),1,7,volta_scudnn_128x64_stridedB_splitK_xregs_large_nn_v1
14.708762,721212,3152,200704,1,1,64,1,1,19,0,0,,,,,Tesla V100-SXM2-16GB (0),1,7,"void at::native::vectorized_elementwise_kernel<4, at::native::threshold_kernel_impl<float>(at::TensorIteratorBase&, float, float)::{lambda(float, float)#1}, at::detail::Array<char*, 3> >(int, at::native::threshold_kernel_impl<float>(at::TensorIteratorBase&, float, float)::{lambda(float, float)#1}, at::detail::Array<char*, 3>)"
14.709485,1824,3167,,,,,,,,,,256,140.351,Device,,Tesla V100-SXM2-16GB (0),1,7,[CUDA memset]
14.709489,274526,3169,64,7,1,32,16,1,30,16,2048,,,,,Tesla V100-SXM2-16GB (0),1,7,"void at::native::reduce_kernel<512, 1, at::native::ReduceOp<float, at::native::func_wrapper_t<float, at::native::sum_functor<float, float, float>::operator()(at::TensorIterator&)::{lambda(float, float)#1}>, unsigned int, float, 4> >(at::native::ReduceOp<float, at::native::func_wrapper_t<float, at::native::sum_functor<float, float, float>::operator()(at::TensorIterator&)::{lambda(float, float)#1}>, unsigned int, float, 4>)"
14.709764,1600,3190,,,,,,,,,,6912,4320.000,Device,,Tesla V100-SXM2-16GB (0),1,7,[CUDA memset]
14.709767,807163,3191,1,2,1568,8,8,1,96,3328,0,,,,,Tesla V100-SXM2-16GB (0),1,7,"void cudnn::cnn::wgrad_alg0_engine<float, 512, 6, 5, 3, 3, 3, false, 512>(int, int, int, float const*, int, float*, float const*, kernel_grad_params, unsigned long long, int, float, int, int, int, int)"
14.721433,2112,3209,7,1,1,64,1,1,20,0,0,,,,,Tesla V100-SXM2-16GB (0),1,7,"void at::native::vectorized_elementwise_kernel<4, at::native::AddFunctor<float>, at::detail::Array<char*, 3> >(int, at::native::AddFunctor<float>, at::detail::Array<char*, 3>)"
14.721571,1632,3220,,,,,,,,,,6912,4235.294,Device,Device,Tesla V100-SXM2-16GB (0),1,7,[CUDA memcpy DtoD]
14.721676,1312,3225,7,1,1,64,1,1,20,0,0,,,,,Tesla V100-SXM2-16GB (0),1,7,"void at::native::vectorized_elementwise_kernel<4, at::native::AddFunctor<float>, at::detail::Array<char*, 3> >(int, at::native::AddFunctor<float>, at::detail::Array<char*, 3>)"
14.721713,1408,3231,1,1,1,64,1,1,20,0,0,,,,,Tesla V100-SXM2-16GB (0),1,7,"void at::native::vectorized_elementwise_kernel<4, at::native::AddFunctor<float>, at::detail::Array<char*, 3> >(int, at::native::AddFunctor<float>, at::detail::Array<char*, 3>)"
14.721745,1184,3242,,,,,,,,,,256,216.216,Device,Device,Tesla V100-SXM2-16GB (0),1,7,[CUDA memcpy DtoD]
14.721766,1248,3247,1,1,1,64,1,1,20,0,0,,,,,Tesla V100-SXM2-16GB (0),1,7,"void at::native::vectorized_elementwise_kernel<4, at::native::AddFunctor<float>, at::detail::Array<char*, 3> >(int, at::native::AddFunctor<float>, at::detail::Array<char*, 3>)"
14.721794,2143,3253,144,1,1,64,1,1,20,0,0,,,,,Tesla V100-SXM2-16GB (0),1,7,"void at::native::vectorized_elementwise_kernel<4, at::native::AddFunctor<float>, at::detail::Array<char*, 3> >(int, at::native::AddFunctor<float>, at::detail::Array<char*, 3>)"
14.721821,1439,3264,,,,,,,,,,147456,102471.161,Device,Device,Tesla V100-SXM2-16GB (0),1,7,[CUDA memcpy DtoD]
14.721839,1504,3269,144,1,1,64,1,1,20,0,0,,,,,Tesla V100-SXM2-16GB (0),1,7,"void at::native::vectorized_elementwise_kernel<4, at::native::AddFunctor<float>, at::detail::Array<char*, 3> >(int, at::native::AddFunctor<float>, at::detail::Array<char*, 3>)"
14.721855,1408,3275,1,1,1,64,1,1,20,0,0,,,,,Tesla V100-SXM2-16GB (0),1,7,"void at::native::vectorized_elementwise_kernel<4, at::native::AddFunctor<float>, at::detail::Array<char*, 3> >(int, at::native::AddFunctor<float>, at::detail::Array<char*, 3>)"
14.721894,1216,3286,,,,,,,,,,256,210.526,Device,Device,Tesla V100-SXM2-16GB (0),1,7,[CUDA memcpy DtoD]
14.721914,1280,3291,1,1,1,64,1,1,20,0,0,,,,,Tesla V100-SXM2-16GB (0),1,7,"void at::native::vectorized_elementwise_kernel<4, at::native::AddFunctor<float>, at::detail::Array<char*, 3> >(int, at::native::AddFunctor<float>, at::detail::Array<char*, 3>)"
14.721952,2272,3297,288,1,1,64,1,1,20,0,0,,,,,Tesla V100-SXM2-16GB (0),1,7,"void at::native::vectorized_elementwise_kernel<4, at::native::AddFunctor<float>, at::detail::Array<char*, 3> >(int, at::native::AddFunctor<float>, at::detail::Array<char*, 3>)"
14.722001,1695,3308,,,,,,,,,,294912,173989.381,Device,Device,Tesla V100-SXM2-16GB (0),1,7,[CUDA memcpy DtoD]
14.722025,1824,3313,288,1,1,64,1,1,20,0,0,,,,,Tesla V100-SXM2-16GB (0),1,7,"void at::native::vectorized_elementwise_kernel<4, at::native::AddFunctor<float>, at::detail::Array<char*, 3> >(int, at::native::AddFunctor<float>, at::detail::Array<char*, 3>)"
14.722041,1408,3319,1,1,1,64,1,1,20,0,0,,,,,Tesla V100-SXM2-16GB (0),1,7,"void at::native::vectorized_elementwise_kernel<4, at::native::AddFunctor<float>, at::detail::Array<char*, 3> >(int, at::native::AddFunctor<float>, at::detail::Array<char*, 3>)"
14.722065,1248,3330,,,,,,,,,,512,410.256,Device,Device,Tesla V100-SXM2-16GB (0),1,7,[CUDA memcpy DtoD]
14.722093,1312,3335,1,1,1,64,1,1,20,0,0,,,,,Tesla V100-SXM2-16GB (0),1,7,"void at::native::vectorized_elementwise_kernel<4, at::native::AddFunctor<float>, at::detail::Array<char*, 3> >(int, at::native::AddFunctor<float>, at::detail::Array<char*, 3>)"
14.722109,3072,3341,576,1,1,64,1,1,20,0,0,,,,,Tesla V100-SXM2-16GB (0),1,7,"void at::native::vectorized_elementwise_kernel<4, at::native::AddFunctor<float>, at::detail::Array<char*, 3> >(int, at::native::AddFunctor<float>, at::detail::Array<char*, 3>)"
14.722720,2304,3356,,,,,,,,,,589824,256000.000,Device,Device,Tesla V100-SXM2-16GB (0),1,7,[CUDA memcpy DtoD]
14.722767,2272,3361,576,1,1,64,1,1,20,0,0,,,,,Tesla V100-SXM2-16GB (0),1,7,"void at::native::vectorized_elementwise_kernel<4, at::native::AddFunctor<float>, at::detail::Array<char*, 3> >(int, at::native::AddFunctor<float>, at::detail::Array<char*, 3>)"
14.722801,1600,3367,1,1,1,64,1,1,20,0,0,,,,,Tesla V100-SXM2-16GB (0),1,7,"void at::native::vectorized_elementwise_kernel<4, at::native::AddFunctor<float>, at::detail::Array<char*, 3> >(int, at::native::AddFunctor<float>, at::detail::Array<char*, 3>)"
14.722830,1216,3378,,,,,,,,,,512,421.053,Device,Device,Tesla V100-SXM2-16GB (0),1,7,[CUDA memcpy DtoD]
14.722849,1312,3383,1,1,1,64,1,1,20,0,0,,,,,Tesla V100-SXM2-16GB (0),1,7,"void at::native::vectorized_elementwise_kernel<4, at::native::AddFunctor<float>, at::detail::Array<char*, 3> >(int, at::native::AddFunctor<float>, at::detail::Array<char*, 3>)"
14.722866,6304,3389,1152,1,1,64,1,1,20,0,0,,,,,Tesla V100-SXM2-16GB (0),1,7,"void at::native::vectorized_elementwise_kernel<4, at::native::AddFunctor<float>, at::detail::Array<char*, 3> >(int, at::native::AddFunctor<float>, at::detail::Array<char*, 3>)"
14.722907,3584,3400,,,,,,,,,,1179648,329142.857,Device,Device,Tesla V100-SXM2-16GB (0),1,7,[CUDA memcpy DtoD]
14.722953,3392,3405,1152,1,1,64,1,1,20,0,0,,,,,Tesla V100-SXM2-16GB (0),1,7,"void at::native::vectorized_elementwise_kernel<4, at::native::AddFunctor<float>, at::detail::Array<char*, 3> >(int, at::native::AddFunctor<float>, at::detail::Array<char*, 3>)"
14.722993,1472,3411,1,1,1,64,1,1,20,0,0,,,,,Tesla V100-SXM2-16GB (0),1,7,"void at::native::vectorized_elementwise_kernel<4, at::native::AddFunctor<float>, at::detail::Array<char*, 3> >(int, at::native::AddFunctor<float>, at::detail::Array<char*, 3>)"
14.723029,1184,3422,,,,,,,,,,1024,864.865,Device,Device,Tesla V100-SXM2-16GB (0),1,7,[CUDA memcpy DtoD]
14.723051,1280,3427,1,1,1,64,1,1,20,0,0,,,,,Tesla V100-SXM2-16GB (0),1,7,"void at::native::vectorized_elementwise_kernel<4, at::native::AddFunctor<float>, at::detail::Array<char*, 3> >(int, at::native::AddFunctor<float>, at::detail::Array<char*, 3>)"
14.723067,10560,3433,2304,1,1,64,1,1,20,0,0,,,,,Tesla V100-SXM2-16GB (0),1,7,"void at::native::vectorized_elementwise_kernel<4, at::native::AddFunctor<float>, at::detail::Array<char*, 3> >(int, at::native::AddFunctor<float>, at::detail::Array<char*, 3>)"
14.723100,4032,3444,,,,,,,,,,2359296,585142.857,Device,Device,Tesla V100-SXM2-16GB (0),1,7,[CUDA memcpy DtoD]
14.723119,6752,3449,2304,1,1,64,1,1,20,0,0,,,,,Tesla V100-SXM2-16GB (0),1,7,"void at::native::vectorized_elementwise_kernel<4, at::native::AddFunctor<float>, at::detail::Array<char*, 3> >(int, at::native::AddFunctor<float>, at::detail::Array<char*, 3>)"
14.723134,1600,3455,1,1,1,64,1,1,20,0,0,,,,,Tesla V100-SXM2-16GB (0),1,7,"void at::native::vectorized_elementwise_kernel<4, at::native::AddFunctor<float>, at::detail::Array<char*, 3> >(int, at::native::AddFunctor<float>, at::detail::Array<char*, 3>)"
14.723154,1216,3466,,,,,,,,,,1024,842.105,Device,Device,Tesla V100-SXM2-16GB (0),1,7,[CUDA memcpy DtoD]
14.723171,1280,3471,1,1,1,64,1,1,20,0,0,,,,,Tesla V100-SXM2-16GB (0),1,7,"void at::native::vectorized_elementwise_kernel<4, at::native::AddFunctor<float>, at::detail::Array<char*, 3> >(int, at::native::AddFunctor<float>, at::detail::Array<char*, 3>)"
14.723197,18720,3477,4608,1,1,64,1,1,20,0,0,,,,,Tesla V100-SXM2-16GB (0),1,7,"void at::native::vectorized_elementwise_kernel<4, at::native::AddFunctor<float>, at::detail::Array<char*, 3> >(int, at::native::AddFunctor<float>, at::detail::Array<char*, 3>)"
14.723222,12479,3488,,,,,,,,,,4718592,378122.606,Device,Device,Tesla V100-SXM2-16GB (0),1,7,[CUDA memcpy DtoD]
14.723243,17376,3493,4608,1,1,64,1,1,20,0,0,,,,,Tesla V100-SXM2-16GB (0),1,7,"void at::native::vectorized_elementwise_kernel<4, at::native::AddFunctor<float>, at::detail::Array<char*, 3> >(int, at::native::AddFunctor<float>, at::detail::Array<char*, 3>)"
14.723262,1600,3499,2,1,1,64,1,1,20,0,0,,,,,Tesla V100-SXM2-16GB (0),1,7,"void at::native::vectorized_elementwise_kernel<4, at::native::AddFunctor<float>, at::detail::Array<char*, 3> >(int, at::native::AddFunctor<float>, at::detail::Array<char*, 3>)"
14.723290,1312,3510,,,,,,,,,,2048,1560.976,Device,Device,Tesla V100-SXM2-16GB (0),1,7,[CUDA memcpy DtoD]
14.723309,1312,3515,2,1,1,64,1,1,20,0,0,,,,,Tesla V100-SXM2-16GB (0),1,7,"void at::native::vectorized_elementwise_kernel<4, at::native::AddFunctor<float>, at::detail::Array<char*, 3> >(int, at::native::AddFunctor<float>, at::detail::Array<char*, 3>)"
14.723324,35519,3521,9216,1,1,64,1,1,20,0,0,,,,,Tesla V100-SXM2-16GB (0),1,7,"void at::native::vectorized_elementwise_kernel<4, at::native::AddFunctor<float>, at::detail::Array<char*, 3> >(int, at::native::AddFunctor<float>, at::detail::Array<char*, 3>)"
14.723360,25919,3532,,,,,,,,,,9437184,364102.936,Device,Device,Tesla V100-SXM2-16GB (0),1,7,[CUDA memcpy DtoD]
14.723387,35807,3537,9216,1,1,64,1,1,20,0,0,,,,,Tesla V100-SXM2-16GB (0),1,7,"void at::native::vectorized_elementwise_kernel<4, at::native::AddFunctor<float>, at::detail::Array<char*, 3> >(int, at::native::AddFunctor<float>, at::detail::Array<char*, 3>)"
14.723424,1824,3543,2,1,1,64,1,1,20,0,0,,,,,Tesla V100-SXM2-16GB (0),1,7,"void at::native::vectorized_elementwise_kernel<4, at::native::AddFunctor<float>, at::detail::Array<char*, 3> >(int, at::native::AddFunctor<float>, at::detail::Array<char*, 3>)"
14.723429,1408,3554,,,,,,,,,,2048,1454.545,Device,Device,Tesla V100-SXM2-16GB (0),1,7,[CUDA memcpy DtoD]
14.723446,1280,3559,2,1,1,64,1,1,20,0,0,,,,,Tesla V100-SXM2-16GB (0),1,7,"void at::native::vectorized_elementwise_kernel<4, at::native::AddFunctor<float>, at::detail::Array<char*, 3> >(int, at::native::AddFunctor<float>, at::detail::Array<char*, 3>)"
14.723468,35552,3565,9216,1,1,64,1,1,20,0,0,,,,,Tesla V100-SXM2-16GB (0),1,7,"void at::native::vectorized_elementwise_kernel<4, at::native::AddFunctor<float>, at::detail::Array<char*, 3> >(int, at::native::AddFunctor<float>, at::detail::Array<char*, 3>)"
14.723505,25952,3576,,,,,,,,,,9437184,363639.951,Device,Device,Tesla V100-SXM2-16GB (0),1,7,[CUDA memcpy DtoD]
14.723532,35583,3581,9216,1,1,64,1,1,20,0,0,,,,,Tesla V100-SXM2-16GB (0),1,7,"void at::native::vectorized_elementwise_kernel<4, at::native::AddFunctor<float>, at::detail::Array<char*, 3> >(int, at::native::AddFunctor<float>, at::detail::Array<char*, 3>)"
14.723569,1728,3587,2,1,1,64,1,1,20,0,0,,,,,Tesla V100-SXM2-16GB (0),1,7,"void at::native::vectorized_elementwise_kernel<4, at::native::AddFunctor<float>, at::detail::Array<char*, 3> >(int, at::native::AddFunctor<float>, at::detail::Array<char*, 3>)"
14.723571,1313,3598,,,,,,,,,,2048,1559.787,Device,Device,Tesla V100-SXM2-16GB (0),1,7,[CUDA memcpy DtoD]
14.723574,1280,3603,2,1,1,64,1,1,20,0,0,,,,,Tesla V100-SXM2-16GB (0),1,7,"void at::native::vectorized_elementwise_kernel<4, at::native::AddFunctor<float>, at::detail::Array<char*, 3> >(int, at::native::AddFunctor<float>, at::detail::Array<char*, 3>)"
14.723614,35328,3609,9216,1,1,64,1,1,20,0,0,,,,,Tesla V100-SXM2-16GB (0),1,7,"void at::native::vectorized_elementwise_kernel<4, at::native::AddFunctor<float>, at::detail::Array<char*, 3> >(int, at::native::AddFunctor<float>, at::detail::Array<char*, 3>)"
14.723650,25920,3620,,,,,,,,,,9437184,364088.889,Device,Device,Tesla V100-SXM2-16GB (0),1,7,[CUDA memcpy DtoD]
14.723677,35296,3625,9216,1,1,64,1,1,20,0,0,,,,,Tesla V100-SXM2-16GB (0),1,7,"void at::native::vectorized_elementwise_kernel<4, at::native::AddFunctor<float>, at::detail::Array<char*, 3> >(int, at::native::AddFunctor<float>, at::detail::Array<char*, 3>)"
14.723713,1824,3631,2,1,1,64,1,1,20,0,0,,,,,Tesla V100-SXM2-16GB (0),1,7,"void at::native::vectorized_elementwise_kernel<4, at::native::AddFunctor<float>, at::detail::Array<char*, 3> >(int, at::native::AddFunctor<float>, at::detail::Array<char*, 3>)"
14.723716,1311,3642,,,,,,,,,,2048,1562.166,Device,Device,Tesla V100-SXM2-16GB (0),1,7,[CUDA memcpy DtoD]
14.723729,1312,3647,2,1,1,64,1,1,20,0,0,,,,,Tesla V100-SXM2-16GB (0),1,7,"void at::native::vectorized_elementwise_kernel<4, at::native::AddFunctor<float>, at::detail::Array<char*, 3> >(int, at::native::AddFunctor<float>, at::detail::Array<char*, 3>)"
14.723744,1448119,3653,401408,1,1,64,1,1,20,0,0,,,,,Tesla V100-SXM2-16GB (0),1,7,"void at::native::vectorized_elementwise_kernel<4, at::native::AddFunctor<float>, at::detail::Array<char*, 3> >(int, at::native::AddFunctor<float>, at::detail::Array<char*, 3>)"
14.725194,1042170,3668,,,,,,,,,,411041792,394409.542,Device,Device,Tesla V100-SXM2-16GB (0),1,7,[CUDA memcpy DtoD]
14.726237,1447192,3673,401408,1,1,64,1,1,20,0,0,,,,,Tesla V100-SXM2-16GB (0),1,7,"void at::native::vectorized_elementwise_kernel<4, at::native::AddFunctor<float>, at::detail::Array<char*, 3> >(int, at::native::AddFunctor<float>, at::detail::Array<char*, 3>)"
14.727685,2464,3679,16,1,1,64,1,1,20,0,0,,,,,Tesla V100-SXM2-16GB (0),1,7,"void at::native::vectorized_elementwise_kernel<4, at::native::AddFunctor<float>, at::detail::Array<char*, 3> >(int, at::native::AddFunctor<float>, at::detail::Array<char*, 3>)"
14.727688,1344,3690,,,,,,,,,,16384,12190.476,Device,Device,Tesla V100-SXM2-16GB (0),1,7,[CUDA memcpy DtoD]
14.727691,1280,3695,16,1,1,64,1,1,20,0,0,,,,,Tesla V100-SXM2-16GB (0),1,7,"void at::native::vectorized_elementwise_kernel<4, at::native::AddFunctor<float>, at::detail::Array<char*, 3> >(int, at::native::AddFunctor<float>, at::detail::Array<char*, 3>)"
14.727694,238815,3701,65536,1,1,64,1,1,20,0,0,,,,,Tesla V100-SXM2-16GB (0),1,7,"void at::native::vectorized_elementwise_kernel<4, at::native::AddFunctor<float>, at::detail::Array<char*, 3> >(int, at::native::AddFunctor<float>, at::detail::Array<char*, 3>)"
14.727934,171966,3712,,,,,,,,,,67108864,390244.955,Device,Device,Tesla V100-SXM2-16GB (0),1,7,[CUDA memcpy DtoD]
14.728107,238366,3717,65536,1,1,64,1,1,20,0,0,,,,,Tesla V100-SXM2-16GB (0),1,7,"void at::native::vectorized_elementwise_kernel<4, at::native::AddFunctor<float>, at::detail::Array<char*, 3> >(int, at::native::AddFunctor<float>, at::detail::Array<char*, 3>)"
14.728346,1984,3723,16,1,1,64,1,1,20,0,0,,,,,Tesla V100-SXM2-16GB (0),1,7,"void at::native::vectorized_elementwise_kernel<4, at::native::AddFunctor<float>, at::detail::Array<char*, 3> >(int, at::native::AddFunctor<float>, at::detail::Array<char*, 3>)"
14.728350,1344,3734,,,,,,,,,,16384,12190.476,Device,Device,Tesla V100-SXM2-16GB (0),1,7,[CUDA memcpy DtoD]
14.728352,1312,3739,16,1,1,64,1,1,20,0,0,,,,,Tesla V100-SXM2-16GB (0),1,7,"void at::native::vectorized_elementwise_kernel<4, at::native::AddFunctor<float>, at::detail::Array<char*, 3> >(int, at::native::AddFunctor<float>, at::detail::Array<char*, 3>)"
14.728354,60032,3745,16000,1,1,64,1,1,20,0,0,,,,,Tesla V100-SXM2-16GB (0),1,7,"void at::native::vectorized_elementwise_kernel<4, at::native::AddFunctor<float>, at::detail::Array<char*, 3> >(int, at::native::AddFunctor<float>, at::detail::Array<char*, 3>)"
14.728415,43648,3756,,,,,,,,,,16384000,375366.569,Device,Device,Tesla V100-SXM2-16GB (0),1,7,[CUDA memcpy DtoD]
14.728460,60448,3761,16000,1,1,64,1,1,20,0,0,,,,,Tesla V100-SXM2-16GB (0),1,7,"void at::native::vectorized_elementwise_kernel<4, at::native::AddFunctor<float>, at::detail::Array<char*, 3> >(int, at::native::AddFunctor<float>, at::detail::Array<char*, 3>)"
14.728521,2336,3767,4,1,1,64,1,1,20,0,0,,,,,Tesla V100-SXM2-16GB (0),1,7,"void at::native::vectorized_elementwise_kernel<4, at::native::AddFunctor<float>, at::detail::Array<char*, 3> >(int, at::native::AddFunctor<float>, at::detail::Array<char*, 3>)"
14.728524,1344,3778,,,,,,,,,,4000,2976.190,Device,Device,Tesla V100-SXM2-16GB (0),1,7,[CUDA memcpy DtoD]
14.728527,1312,3783,4,1,1,64,1,1,20,0,0,,,,,Tesla V100-SXM2-16GB (0),1,7,"void at::native::vectorized_elementwise_kernel<4, at::native::AddFunctor<float>, at::detail::Array<char*, 3> >(int, at::native::AddFunctor<float>, at::detail::Array<char*, 3>)"
14.728530,3648,3789,,,,,,,,,,4,1.096,Device,Pageable,Tesla V100-SXM2-16GB (0),1,7,[CUDA memcpy DtoH]
14.728642,2368,3796,,,,,,,,,,4,1.689,Device,Pageable,Tesla V100-SXM2-16GB (0),1,7,[CUDA memcpy DtoH]
14.728704,2016,3803,,,,,,,,,,4,1.984,Device,Pageable,Tesla V100-SXM2-16GB (0),1,7,[CUDA memcpy DtoH]
14.728738,1984,3810,,,,,,,,,,4,2.016,Device,Pageable,Tesla V100-SXM2-16GB (0),1,7,[CUDA memcpy DtoH]
